subject,session,timemain,choice,value,timecq,timeb1,prob1,prob2,prob3,prob4,prob5,timeb2,cproblose,cprobwin,female,age,siblings,faculty,soep,complex,BRETw,Auct100w,Auct100wo,AsyAuct80,AsyAuct60,SymAuct60,Focal60,Treatment,RespInv100,AbsDist,StrictSinPeak,WeakSinPeak,Correct,ChiSqrPvalue,SigAt5per,SigAt1Per,SigAtPt01Per,end
1,1012,183.7494,20,60,178.1907,39.95493,50,50,0,0,0,142.875,0,100,0,25,1,3,5,0,0,0,0,0,0,0,1,7,0,120,0,0,0,2.03576E-31,1,1,1,end
2,1012,271.4195,38,60,825.0886,143.6295,5,10,25,40,20,53.37214,55,45,0,24,1,5,4,8,0,0,0,0,0,0,1,7,0,50,0,0,0,1.42084E-07,1,1,1,end
4,1012,132.0479,35,60,331.9293,62.63277,10,25,30,25,10,82.92133,38,62,0,20,1,3,5,1,0,0,0,0,0,0,1,7,0,40,1,1,0,0.001544998,1,1,0,end
5,1012,41.29073,30,60,433.4525,25.71417,30,30,20,10,10,25.58234,40,60,1,20,2,3,7,6,0,0,0,0,0,0,1,7,0,40,0,0,0,0.000499399,1,1,1,end
6,1012,145.9572,20,60,345.7275,26.42492,50,50,0,0,0,65.16017,68,32,0,21,7,5,8,0,0,0,0,0,0,0,1,7,0,120,0,0,0,2.03576E-31,1,1,1,end
7,1012,38.98349,28,60,710.1614,108.5193,0,10,78,12,0,51.79662,55,45,1,23,0,2,7,5,0,0,0,0,0,0,1,7,0,116,1,1,0,1.11573E-45,1,1,1,end
10,1012,191.8086,15,60,1015.943,78.59272,50,20,15,10,5,30.56994,50,50,1,28,1,3,9,9,0,0,0,0,0,0,1,7,0,60,0,0,0,8.64624E-13,1,1,1,end
11,1012,110.5907,40,60,143.3645,74.09206,27,27,27,10,9,55.14722,33,67,0,27,1,3,6,4,0,0,0,0,0,0,1,7,0,42,0,1,0,0.001030602,1,1,0,end
12,1012,103.5265,35,60,540.3604,61.31134,20,20,20,20,20,65.57337,60,40,1,22,1,3,6,4,0,0,0,0,0,0,1,7,0,0,0,0,1,1,0,0,0,end
16,1012,182.6825,35,60,420.341,97.38401,10,0,20,40,30,45.18899,56,44,1,21,2,3,6,4,0,0,0,0,0,0,1,7,0,60,0,0,0,3.61087E-10,1,1,1,end
17,1012,114.7605,27,60,691.1008,109.471,10,10,20,30,30,29.04258,30,70,0,27,1,5,3,4,0,0,0,0,0,0,1,7,0,40,0,0,0,0.000499399,1,1,1,end
18,1012,27.16825,20,60,340.935,34.74578,5,15,25,35,20,16.91492,40,60,0,24,1,5,2,2,0,0,0,0,0,0,1,7,0,40,0,0,0,5.03098E-05,1,1,1,end
1,1011,80.97421,37,60,636.1376,67.0117,15,30,25,15,15,52.76283,40,60,0,23,3,5,6,7,0,0,0,0,0,0,1,7,0,30,0,0,0,0.040427682,1,0,0,end
2,1011,95.73356,30,60,647.5447,98.84068,20,20,20,20,20,38.93736,50,50,0,29,1,5,3,6,0,0,0,0,0,0,1,7,0,0,0,0,1,1,0,0,0,end
3,1011,53.80683,35,60,142.3184,68.62806,16,17,17,25,25,65.09779,39.5,60.5,0,21,1,0,6,1,0,0,0,0,0,0,1,7,0,20,0,0,0,0.379614928,0,0,0,end
4,1011,107.473,35,60,438.3486,55.37074,10,30,30,20,10,42.03404,30,70,0,21,1,5,8,6,0,0,0,0,0,0,1,7,0,40,0,1,0,0.000499399,1,1,1,end
5,1011,229.3525,30,60,418.3297,92.3897,20,20,20,20,20,30.21026,50,50,1,23,3,5,5,2,0,0,0,0,0,0,1,7,0,0,0,0,1,1,0,0,0,end
8,1011,78.70043,23,60,504.9731,67.80817,5,75,20,0,0,55.18678,35,65,1,24,1,2,9,1,0,0,0,0,0,0,1,7,0,110,0,0,0,1.0898E-42,1,1,1,end
9,1011,56.47064,47,60,329.4292,31.37508,15,25,20,25,15,41.98197,30,70,0,33,1,3,7,1,0,0,0,0,0,0,1,7,0,20,0,0,0,0.287297495,0,0,0,end
11,1011,90.07059,50,60,803.7737,52.20634,20,20,20,20,20,81.60303,20,80,1,25,2,2,2,9,0,0,0,0,0,0,1,7,0,0,0,0,1,1,0,0,0,end
12,1011,77.50005,51,60,433.3596,74.59008,10,20,30,30,10,54.00336,20,80,1,22,2,1,7,3,0,0,0,0,0,0,1,7,0,40,0,1,0,0.000499399,1,1,1,end
14,1011,21.32934,43,60,186.8026,18.11399,20,20,20,20,20,39.95533,40,60,0,26,3,2,2,0,0,0,0,0,0,0,1,7,0,0,0,0,1,1,0,0,0,end
15,1011,102.1689,31,60,298.7426,40.40428,20,20,20,20,20,252.7738,48,52,0,25,0,0,3,2,0,0,0,0,0,0,1,7,0,0,0,0,1,1,0,0,0,end
16,1011,99.66269,35,60,43.18328,45.56251,10,10,20,40,20,62.76999,60,40,0,21,0,0,4,6,0,0,0,0,0,0,1,7,0,40,0,0,0,4.89444E-06,1,1,1,end
17,1011,63.42604,36,60,979.6782,52.18372,20,25,25,15,15,24.51569,30,70,1,26,3,3,8,6,0,0,0,0,0,0,1,7,0,20,0,1,0,0.287297495,0,0,0,end
18,1011,36.12031,57,60,462.7607,50.10534,0,5,20,45,30,33.19447,0,100,0,25,1,2,8,3,0,0,0,0,0,0,1,7,0,70,0,0,0,7.64744E-14,1,1,1,end
1,1010,149.8705,30,60,219.0786,104.2132,20,20,20,20,20,68.14823,50,50,1,24,1,3,2,0,0,0,0,0,0,0,1,7,0,0,0,0,1,1,0,0,0,end
2,1010,232.9417,40,60,426.943,138.272,20,20,20,20,20,24.7498,33,67,0,23,2,1,8,5,0,0,0,0,0,0,1,7,0,0,0,0,1,1,0,0,0,end
3,1010,83.42737,40,60,737.8953,188.7264,15,22.5,25,22.5,15,93.09515,33.3333,66.6667,0,25,1,5,6,1,0,0,0,0,0,0,1,7,0,20,1,1,0,0.357627589,0,0,0,end
5,1010,59.88373,43,60,659.7783,75.60309,21,19,20,20,20,74.65969,28,72,1,20,2,5,2,3,0,0,0,0,0,0,1,7,0,2,0,0,0,0.998790896,0,0,0,end
6,1010,35.72984,43,60,524.5482,54.70269,10,20,20,30,20,27.70625,40,60,1,24,0,4,6,10,0,0,0,0,0,0,1,7,0,20,0,0,0,0.040427682,1,0,0,end
7,1010,215.6616,40,60,632.5373,51.50205,10,10,50,20,10,98.46542,45,55,1,25,0,2,3,7,0,0,0,0,0,0,1,7,0,60,0,1,0,2.90086E-12,1,1,1,end
8,1010,160.2088,40,60,395.2846,139.5681,9,26,27,28,10,72.33917,34,66,1,20,0,5,3,1,0,0,0,0,0,0,1,7,0,42,0,0,0,0.000985144,1,1,1,end
11,1010,92.01845,29,60,740.4059,68.12444,10,35,35,15,5,61.7707,55,45,1,26,2,5,5,7,0,0,0,0,0,0,1,7,0,60,0,1,0,4.32842E-08,1,1,1,end
12,1010,86.68018,31,60,143.2046,47.10482,0,10,50,30,10,32.64447,49,51,1,21,2,5,8,0,0,0,0,0,0,0,1,7,0,80,1,1,0,1.74183E-16,1,1,1,end
14,1010,94.3177,30,60,657.7798,28.87276,20,20,20,20,20,25.67754,50,50,0,31,2,0,7,2,0,0,0,0,0,0,1,7,0,0,0,0,1,1,0,0,0,end
15,1010,141.3639,30,60,556.4,77.65728,20,20,20,20,20,43.9945,30,70,1,37,0,5,4,9,0,0,0,0,0,0,1,7,0,0,0,0,1,1,0,0,0,end
18,1010,213.9899,38,60,571.2364,69.09969,10,30,40,10,10,39.50184,40,60,1,23,1,5,4,7,0,0,0,0,0,0,1,7,0,60,0,1,0,4.32842E-08,1,1,1,end
1,1009,74.85911,45,60,262.8637,31.30839,20,20,20,20,20,19.57049,25,75,0,19,1,2,5,1,0,0,0,0,0,0,1,7,0,0,0,0,1,1,0,0,0,end
2,1009,148.7415,48,60,682.8196,74.28406,0,15,25,45,15,50.5702,25,75,1,21,0,2,6,3,0,0,0,0,0,0,1,7,0,60,0,0,0,3.24898E-11,1,1,1,end
3,1009,135.3143,40,60,773.8271,64.74816,0,5,25,35,35,14.90137,0,100,1,23,1,5,2,3,0,0,0,0,0,0,1,7,0,70,0,0,0,3.24898E-11,1,1,1,end
5,1009,185.1791,47,60,1016.419,63.22729,10,15,30,30,15,30.39529,50,50,1,20,0,3,4,8,0,0,0,0,0,0,1,7,0,40,0,1,0,0.001544998,1,1,0,end
6,1009,163.5919,59,60,1169.523,69.04779,0,0,0,10,90,49.71424,50,50,1,21,2,3,3,9,0,0,0,0,0,0,1,7,0,140,0,0,0,7.54188E-66,1,1,1,end
7,1009,237.3416,40,60,729.226,50.52002,10,20,20,30,20,102.3224,50,50,1,23,1,5,8,9,0,0,0,0,0,0,1,7,0,20,0,0,0,0.040427682,1,0,0,end
9,1009,87.25861,13,60,866.8951,43.39888,20,20,20,20,20,47.46947,20,80,1,24,2,2,5,10,0,0,0,0,0,0,1,7,0,0,0,0,1,1,0,0,0,end
10,1009,332.3969,30,60,648.1265,50.82612,17,22,22,22,17,50.5788,49,51,1,25,1,4,8,2,0,0,0,0,0,0,1,7,0,12,0,1,0,0.826641467,0,0,0,end
11,1009,323.1106,30,60,587.1833,68.38742,5,50,25,10,10,35.9982,50,50,0,25,1,2,8,4,0,0,0,0,0,0,1,7,0,70,0,0,0,7.64744E-14,1,1,1,end
13,1009,187.4641,41,60,523.1838,43.98429,20,20,20,20,20,112.269,34,66,1,23,1,5,2,2,0,0,0,0,0,0,1,7,0,0,0,0,1,1,0,0,0,end
14,1009,93.2187,40,60,600.2735,54.51806,10,25,30,25,10,63.0764,33,67,0,20,1,5,4,3,0,0,0,0,0,0,1,7,0,40,1,1,0,0.001544998,1,1,0,end
16,1009,204.8193,30,60,272.969,150.9342,0,35,35,15,15,52.48711,50,50,1,24,1,5,6,2,0,0,0,0,0,0,1,7,0,60,0,1,0,3.97596E-09,1,1,1,end
17,1009,56.02767,34,60,286.6782,50.80807,10,26,33,21,10,67.42571,45,55,1,29,0,5,4,7,0,0,0,0,0,0,1,7,0,40,1,1,0,0.000435698,1,1,1,end
18,1009,151.0482,29,60,222.2162,145.6497,22,38,17,18,5,101.0402,65,35,0,23,1,5,6,3,0,0,0,0,0,0,1,7,0,40,0,0,0,1.08429E-05,1,1,1,end
1,11,210.089,37,60,345.626,65.098,0,10,20,50,20,40.987,60,40,0,30,1,3,6,7,0,0,0,0,0,1,0,6,0,60,0,0,0,2.26984E-14,1,1,1,end
2,11,83.771,30,60,262.927,15.423,20,20,20,20,20,33.376,50,50,1,23,4,4,7,3,0,0,0,0,0,1,0,6,0,0,0,0,1,1,0,0,0,end
3,11,249.554,30,60,106.929,44.049,20,20,20,20,20,75.051,50,50,0,22,0,0,5,0,0,0,0,0,0,1,0,6,0,0,0,0,1,1,0,0,0,end
4,11,148.903,31,60,399.756,57.941,0,0,20,40,40,31.814,49,51,1,24,1,4,6,2,0,0,0,0,0,1,0,6,0,80,0,0,0,1.74183E-16,1,1,1,end
5,11,280.578,30,60,223.988,129.43,20,20,20,20,20,79.801,50,50,0,28,1,5,4,1,0,0,0,0,0,1,0,6,0,0,0,0,1,1,0,0,0,end
6,11,105.157,37,60,201.248,44.096,20,20,25,20,15,38.564,58,42,1,25,1,4,1,7,0,0,0,0,0,1,0,6,0,10,0,1,0,0.644635793,0,0,0,end
7,11,87.084,31,60,195.217,75.722,5,40,40,10,5,17.751,40,60,1,27,0,3,5,2,0,0,0,0,0,1,0,6,0,80,0,1,0,7.64744E-14,1,1,1,end
8,11,49.104,21,60,339.512,14,20,20,20,20,20,23.907,50,50,1,26,1,5,5,6,0,0,0,0,0,1,0,6,0,0,0,0,1,1,0,0,0,end
9,11,120.238,25,60,203.756,99.153,0,40,40,20,0,110.537,65,35,0,25,2,1,5,3,0,0,0,0,0,1,0,6,0,80,0,1,0,1.74183E-16,1,1,1,end
10,11,393.399,40,60,221.459,52.27,10,25,30,25,10,59.161,30,70,1,25,1,3,4,7,0,0,0,0,0,1,0,6,0,40,1,1,0,0.001544998,1,1,0,end
11,11,287.663,30,60,193.161,82.676,0,20,60,20,0,128.132,50,50,0,24,1,5,5,1,0,0,0,0,0,1,0,6,0,80,1,1,0,5.34147E-25,1,1,1,end
12,11,531.544,36,60,228.456,80.817,10,40,40,10,0,38.549,30,70,1,22,1,0,3,2,0,0,0,0,0,1,0,6,0,80,0,1,0,2.26984E-14,1,1,1,end
13,11,288.111,28,60,175.52,109.257,0,3,27,36,34,75.804,54,46,0,19,2,0,4,0,0,0,0,0,0,1,0,6,0,74,0,0,0,3.69474E-12,1,1,1,end
14,11,57.046,48,60,666.001,55.204,0,10,10,60,20,40.423,20,80,1,22,2,3,7,5,0,0,0,0,0,1,0,6,0,80,0,0,0,7.27766E-23,1,1,1,end
15,11,130.735,20,60,284.302,61.863,10,25,40,20,5,71.738,75,25,1,23,0,5,4,3,0,0,0,0,0,1,0,6,0,50,1,1,0,1.42084E-07,1,1,1,end
16,11,365.043,30,60,256.715,77.911,10,30,20,30,10,212.296,48.4,51.6,0,23,1,0,6,1,0,0,0,0,0,1,0,6,0,40,0,0,0,0.000499399,1,1,1,end
17,11,60.853,41,60,350.566,43.386,0,10,30,30,30,43.9,50,50,0,23,4,2,9,5,0,0,0,0,0,1,0,6,0,60,0,1,0,4.32842E-08,1,1,1,end
18,11,207.574,46,60,560.632,236.127,5,10,70,10,5,109.024,40,60,1,23,0,3,4,6,0,0,0,0,0,1,0,6,0,100,1,1,0,5.02389E-33,1,1,1,end
19,11,60.914,28,60,331.991,49.422,15,30,45,10,0,18.172,55,45,1,25,0,1,6,7,0,0,0,0,0,1,0,6,0,70,1,1,0,8.64624E-13,1,1,1,end
20,11,83.175,26,60,273.354,139.945,20,20,20,20,20,236.033,42,58,1,25,1,3,4,7,0,0,0,0,0,1,0,6,0,0,0,0,1,1,0,0,0,end
22,11,82.568,31,60,213.014,27.314,20,20,20,20,20,30.502,49,51,0,22,1,5,8,1,0,0,0,0,0,1,0,6,0,0,0,0,1,1,0,0,0,end
23,11,39.813,35,60,227.052,73.989,5,15,30,30,20,141.099,30,70,1,21,2,5,5,8,0,0,0,0,0,1,0,6,0,40,0,1,0,0.000159339,1,1,1,end
24,11,217.672,20,60,411.173,143.304,5,10,45,25,15,36.596,40,60,1,21,1,4,5,6,0,0,0,0,0,1,0,6,0,60,1,1,0,3.61087E-10,1,1,1,end
25,11,41.112,35,60,682.212,59.16,10,20,40,20,10,27.424,40,60,1,20,0,5,6,1,0,0,0,0,0,1,0,6,0,40,1,1,0,4.89444E-06,1,1,1,end
26,11,77.997,39,60,290.887,164.73,0,5,15,40,40,47.221,30,70,0,21,0,2,5,7,0,0,0,0,0,1,0,6,0,80,0,0,0,6.72901E-15,1,1,1,end
27,11,138.573,45,60,303.132,32.393,0,0,50,50,0,31.533,75,25,0,22,2,3,7,6,0,0,0,0,0,1,0,6,0,120,0,1,0,2.03576E-31,1,1,1,end
28,11,65.566,30,60,174.03,10.189,20,20,20,20,20,24.439,50,50,0,24,1,5,7,0,0,0,0,0,0,1,0,6,0,0,0,0,1,1,0,0,0,end
29,11,91.758,40,60,194.86,49.144,5,10,30,40,15,53.957,40,60,1,23,0,5,4,3,0,0,0,0,0,1,0,6,0,60,0,0,0,1.31393E-08,1,1,1,end
31,11,78.036,20,60,469.566,54.832,20,20,20,20,20,48.003,50,50,0,22,1,3,7,8,0,0,0,0,0,1,0,6,0,0,0,0,1,1,0,0,0,end
32,11,59.884,30,60,257.879,33.033,20,20,20,20,20,34.721,50,50,1,21,2,3,6,4,0,0,0,0,0,1,0,6,0,0,0,0,1,1,0,0,0,end
1,10,67.332,32,60,244.248,58.91,5,20,65,10,0,21.126,70,30,1,23,1,5,4,2,0,0,0,0,0,1,0,6,0,90,1,1,0,9.67829E-29,1,1,1,end
2,10,29.565,30,60,316.805,101.039,5,5,30,30,30,27.518,50,50,0,25,3,5,4,1,0,0,0,0,0,1,0,6,0,60,0,1,0,1.42084E-07,1,1,1,end
3,10,351.224,27,60,530.297,128.347,10,25,35,25,5,77.245,53,47,1,26,1,5,4,5,0,0,0,0,0,1,0,6,0,50,1,1,0,4.89444E-06,1,1,1,end
4,10,77.017,35,60,156.003,31.961,20,20,20,20,20,88.192,58,42,0,23,1,5,4,2,0,0,0,0,0,1,0,6,0,0,0,0,1,1,0,0,0,end
5,10,216.808,12,60,1006.138,119.404,20,20,20,20,20,111.029,80,20,0,26,2,3,5,9,0,0,0,0,0,1,0,6,0,0,0,0,1,1,0,0,0,end
6,10,317.628,11,60,288.265,30.581,60,10,10,10,10,34.035,50,50,0,29,1,5,10,0,0,0,0,0,0,1,0,6,0,80,0,0,0,9.83662E-21,1,1,1,end
7,10,257.476,44,60,379.8,182.079,0,10,37,33,20,55.271,30,70,0,21,2,3,3,3,0,0,0,0,0,1,0,6,0,60,1,1,0,9.90188E-10,1,1,1,end
8,10,147.605,35,60,1117.804,460.973,5,10,20,30,35,61.49,30,70,1,31,1,3,4,3,0,0,0,0,0,1,0,6,0,50,0,0,0,1.51183E-06,1,1,1,end
9,10,106.988,35,60,251.086,63.877,20,20,20,20,20,112.098,58,42,0,23,1,5,3,4,0,0,0,0,0,1,0,6,0,0,0,0,1,1,0,0,0,end
10,10,148.323,41,60,158.246,99.268,0,5,35,45,15,95.955,37,63,0,23,0,2,3,1,0,0,0,0,0,1,0,6,0,80,0,0,0,1.99259E-15,1,1,1,end
11,10,50.145,24,60,442.8,67.943,5,20,60,10,5,84.803,60,40,1,21,2,5,7,2,0,0,0,0,0,1,0,6,0,80,1,1,0,2.48345E-22,1,1,1,end
12,10,312.157,37,60,464.657,66.288,20,20,20,20,20,37.129,40,60,1,20,2,5,3,1,0,0,0,0,0,1,0,6,0,0,0,0,1,1,0,0,0,end
13,10,108.391,36,60,391.276,88.482,0,0,25,50,25,69.995,30,70,0,22,1,3,7,2,0,0,0,0,0,1,0,6,0,80,0,0,0,4.47105E-18,1,1,1,end
14,10,321.723,27,60,1079.538,109.726,10,30,35,15,10,78.426,55,45,1,19,1,5,7,5,0,0,0,0,0,1,0,6,0,50,1,1,0,1.57486E-05,1,1,1,end
15,10,153.267,40,60,885.303,43.891,20,20,20,20,20,47.657,40,60,0,23,2,5,5,1,0,0,0,0,0,1,0,6,0,0,0,0,1,1,0,0,0,end
16,10,128.591,35,60,231.788,91.993,15,23,24,23,15,170.205,40,60,0,20,2,0,4,3,0,0,0,0,0,1,0,6,0,20,1,1,0,0.379614928,0,0,0,end
17,10,296.143,35,60,319.661,150.776,15,20,25,25,15,130.868,40,60,1,19,2,5,4,3,0,0,0,0,0,1,0,6,0,20,0,1,0,0.287297495,0,0,0,end
18,10,234.357,30,60,930.159,53.491,5,10,50,30,5,87.167,40,60,1,23,2,5,3,1,0,0,0,0,0,1,0,6,0,80,1,1,0,5.89421E-16,1,1,1,end
19,10,837.336,21,60,188.256,71.447,10,35,40,10,5,90.433,60,40,1,21,1,5,4,7,0,0,0,0,0,1,0,6,0,70,1,1,0,1.08427E-10,1,1,1,end
20,10,257.783,30,60,612.451,75.432,20,20,20,20,20,24.05,50,50,1,23,1,3,7,1,0,0,0,0,0,1,0,6,0,0,0,0,1,1,0,0,0,end
21,10,110.456,30,60,373.076,96.844,15,15,20,25,25,33.443,60,40,1,24,1,5,5,8,0,0,0,0,0,1,0,6,0,20,0,0,0,0.287297495,0,0,0,end
22,10,136.745,1,60,255.222,86.397,30,40,30,0,0,39.238,40,60,1,23,1,2,9,0,0,0,0,0,0,1,0,6,0,80,0,0,0,2.26984E-14,1,1,1,end
23,10,136.831,20,60,453.587,88.908,15,20,35,20,10,44.814,60,40,0,22,2,4,7,2,0,0,0,0,0,1,0,6,0,30,1,1,0,0.001544998,1,1,0,end
24,10,555.987,30,60,361.845,64.349,30,30,10,15,15,83.195,35,65,0,30,1,3,4,1,0,0,0,0,0,1,0,6,0,40,0,0,0,0.001544998,1,1,0,end
25,10,150.454,30,60,871.504,117.654,8,32,48,10,2,74.571,50,50,1,25,0,3,6,2,0,0,0,0,0,1,0,6,0,80,1,1,0,2.19643E-15,1,1,1,end
26,10,39.953,31,60,346.652,163.623,10,30,30,20,10,95.53,45,55,1,20,1,5,3,3,0,0,0,0,0,1,0,6,0,40,0,1,0,0.000499399,1,1,1,end
27,10,223.545,30,60,689.792,52.187,20,20,20,20,20,45.015,50,50,0,24,0,5,4,2,0,0,0,0,0,1,0,6,0,0,0,0,1,1,0,0,0,end
28,10,24.161,30,60,358.987,23.067,20,20,20,20,20,8.517,50,50,1,27,1,2,2,2,0,0,0,0,0,1,0,6,0,0,0,0,1,1,0,0,0,end
29,10,493.056,30,60,808.917,75.175,20,20,20,20,20,49.175,50,50,0,26,1,5,6,5,0,0,0,0,0,1,0,6,0,0,0,0,1,1,0,0,0,end
1,9,125.583,30,60,253.151,46.797,20,30,30,10,10,76.531,50,50,0,30,0,3,8,6,0,0,0,0,1,0,0,5,1,40,0,1,0,0.000499399,1,1,1,end
2,9,89.641,50,60,167.271,53.658,15,35,35,15,0,29.501,50,50,1,28,3,5,2,1,0,0,0,0,1,0,0,5,1,60,0,1,0,3.97596E-09,1,1,1,end
3,9,136.759,40,60,183.372,93.236,0,25,50,25,0,64.22,60,40,0,21,2,4,2,6,0,0,0,0,1,0,0,5,1,80,1,1,0,4.47105E-18,1,1,1,end
6,9,57.719,41,60,230.045,29.954,20,20,20,20,20,56.252,60,40,1,24,0,5,8,5,0,0,0,0,1,0,0,5,1,0,0,0,1,1,0,0,0,end
7,9,113.313,50,60,862.993,67.689,25,25,25,25,0,54.283,20,80,0,27,2,3,3,6,0,0,0,0,1,0,0,5,1,40,0,1,0,5.03098E-05,1,1,1,end
8,9,186.373,19,60,509.441,44.277,60,10,10,10,10,17.123,50,50,0,24,1,5,1,1,0,0,0,0,1,0,0,5,1,80,0,0,0,9.83662E-21,1,1,1,end
9,9,33.703,48,60,830.209,31.89,0,40,60,0,0,11.125,50,50,1,25,1,3,2,6,0,0,0,0,1,0,0,5,1,120,0,1,0,1.46193E-33,1,1,1,end
11,9,228.51,30,60,515.672,135.911,5,30,30,30,5,68.042,65,35,0,25,0,3,4,6,0,0,0,0,1,0,0,5,1,60,0,1,0,1.42084E-07,1,1,1,end
12,9,169.054,20,60,282.549,179.851,5,15,60,15,5,64.346,79,21,1,21,1,5,6,7,0,0,0,0,1,0,0,5,1,80,1,1,0,8.4702E-22,1,1,1,end
14,9,53.335,20,60,223.408,12.798,20,20,20,20,20,47.97,80,20,1,23,1,3,2,5,0,0,0,0,1,0,0,5,1,0,0,0,1,1,0,0,0,end
15,9,161.736,40,60,235.442,62.279,20,20,40,15,5,91.95,60,40,1,22,1,1,3,2,0,0,0,0,1,0,0,5,1,40,0,1,0,1.51183E-06,1,1,1,end
17,9,248.484,40,60,164.555,61.564,20,20,20,20,20,59.142,60,40,0,23,0,5,6,3,0,0,0,0,1,0,0,5,1,0,0,0,1,1,0,0,0,end
19,9,187.435,38,60,330.347,76.487,5,40,40,10,5,41.002,62,38,0,24,3,2,7,2,0,0,0,0,1,0,0,5,1,80,0,1,0,7.64744E-14,1,1,1,end
20,9,161.657,45,60,449.157,119.038,5,10,60,20,5,56.168,60,40,0,22,1,2,5,5,0,0,0,0,1,0,0,5,1,80,1,1,0,2.48345E-22,1,1,1,end
21,9,97.92,30,60,370.195,61.098,5,30,40,15,10,28.439,50,50,1,23,2,2,7,0,0,0,0,0,1,0,0,5,1,60,1,1,0,1.31393E-08,1,1,1,end
22,9,196.23,30,60,296.971,96.095,30,25,20,15,10,178.691,30,70,1,20,2,5,5,7,0,0,0,0,1,0,0,5,1,30,0,0,0,0.013995792,1,0,0,end
23,9,125.191,40,60,285.84,25.188,20,20,20,20,20,46.078,60,40,0,22,0,2,6,0,0,0,0,0,1,0,0,5,1,0,0,0,1,1,0,0,0,end
24,9,140.325,35,60,175.593,53.018,0,55,45,0,0,52.847,65,35,0,23,1,4,5,0,0,0,0,0,1,0,0,5,1,120,0,0,0,5.92849E-32,1,1,1,end
25,9,131.756,45,60,207.448,86.051,22,24,22,22,10,76.035,40,60,0,22,1,3,6,0,0,0,0,0,1,0,0,5,1,20,0,0,0,0.171201257,0,0,0,end
26,9,171.171,30,60,826.992,29.625,15,70,15,0,0,33.015,40,60,1,27,0,3,1,2,0,0,0,0,1,0,0,5,1,100,0,0,0,3.5973E-35,1,1,1,end
27,9,244.746,45,60,757.608,119.812,8,18,38,24,12,60.172,60,40,0,21,1,5,3,4,0,0,0,0,1,0,0,5,1,44,1,1,0,1.50313E-05,1,1,1,end
28,9,108.635,38,60,771.9,66.894,10,35,35,10,10,22.564,40,60,1,26,1,3,4,5,0,0,0,0,1,0,0,5,1,60,0,1,0,1.42084E-07,1,1,1,end
29,9,63.849,15,60,353.717,15.75,20,20,20,20,20,22.969,60,40,1,25,1,4,6,8,0,0,0,0,1,0,0,5,1,0,0,0,1,1,0,0,0,end
30,9,408.11,49,60,553.712,77.796,5,10,42,38,5,38.39,60,40,1,19,2,4,3,6,0,0,0,0,1,0,0,5,1,80,1,1,0,6.29723E-14,1,1,1,end
31,9,74.733,35,60,451.794,59.096,15,25,25,25,10,17.657,60,40,0,28,2,5,7,2,0,0,0,0,1,0,0,5,1,30,0,1,0,0.040427682,1,0,0,end
32,9,128.987,30,60,419.53,17.562,20,20,20,20,20,20.875,31,69,1,21,1,3,6,8,0,0,0,0,1,0,0,5,1,0,0,0,1,1,0,0,0,end
1,8,159.714,22,60,223.567,164.326,35,35,15,10,5,55.724,65,35,0,24,4,5,7,0,0,0,0,0,1,0,0,5,1,60,0,0,0,4.32842E-08,1,1,1,end
2,8,193.851,35,60,204.777,90.854,10,10,30,30,20,60.731,70,30,1,17,1,5,7,4,0,0,0,0,1,0,0,5,1,40,0,1,0,0.000499399,1,1,1,end
3,8,67.326,30,60,200.711,109.072,45,40,10,5,0,28.331,70,30,0,31,2,4,4,2,0,0,0,0,1,0,0,5,1,90,0,0,0,4.47105E-18,1,1,1,end
4,8,141.563,35,60,363.585,113.67,0,15,35,45,5,58.617,65,35,1,23,2,3,9,3,0,0,0,0,1,0,0,5,1,80,0,0,0,1.99259E-15,1,1,1,end
6,8,333.545,50,60,411.586,64.571,45,50,5,0,0,24.473,50,50,0,23,6,4,7,9,0,0,0,0,1,0,0,5,1,110,0,0,0,1.33342E-26,1,1,1,end
7,8,97.857,25,60,235.798,73.173,25,50,25,0,0,44.398,65,35,1,25,1,5,2,5,0,0,0,0,1,0,0,5,1,80,0,0,0,4.47105E-18,1,1,1,end
8,8,146.762,35,60,98.159,31.949,20,20,20,20,20,31.746,65,35,1,24,0,5,4,1,0,0,0,0,1,0,0,5,1,0,0,0,1,1,0,0,0,end
9,8,107.71,42,60,206.133,59.186,25,25,20,15,15,62.619,50,50,1,19,1,4,3,1,0,0,0,0,1,0,0,5,1,20,0,0,0,0.287297495,0,0,0,end
10,8,216.909,33,60,332.125,103.005,20,20,20,20,20,37.493,67,33,0,23,0,3,3,9,0,0,0,0,1,0,0,5,1,0,0,0,1,1,0,0,0,end
11,8,202.419,38,60,89.402,42.064,20,20,20,20,20,42.594,62,38,0,26,2,4,4,0,0,0,0,0,1,0,0,5,1,0,0,0,1,1,0,0,0,end
12,8,90.341,35,60,253.213,24.594,20,70,10,0,0,36.712,70,30,0,26,2,5,3,1,0,0,0,0,1,0,0,5,1,100,0,0,0,1.04585E-35,1,1,1,end
13,8,264.293,35,60,292.514,35.649,0,20,70,10,0,43.547,70,30,1,22,0,3,5,6,0,0,0,0,1,0,0,5,1,100,1,1,0,1.04585E-35,1,1,1,end
14,8,251.428,42,60,257.592,100.671,0,42.5,42.5,10,5,51.756,50,50,1,27,0,3,6,2,0,0,0,0,1,0,0,5,1,90,0,1,0,6.06852E-18,1,1,1,end
15,8,96.578,25,60,302.094,57.31,20,20,20,20,20,45.386,76,24,0,26,2,3,8,4,0,0,0,0,1,0,0,5,1,0,0,0,1,1,0,0,0,end
16,8,359.797,20,60,193.767,68.091,10,20,30,10,30,24.015,60,40,0,21,1,5,8,4,0,0,0,0,1,0,0,5,1,40,0,0,0,0.000499399,1,1,1,end
17,8,150.788,40,60,195.395,42.173,10,10,30,25,25,44.17,60,40,1,21,0,5,6,1,0,0,0,0,1,0,0,5,1,40,0,1,0,0.001544998,1,1,0,end
19,8,47.375,30,60,155.975,23.171,10,20,40,20,10,76.706,70,30,0,22,1,3,2,7,0,0,0,0,1,0,0,5,1,40,1,1,0,4.89444E-06,1,1,1,end
21,8,166.111,40,60,309.409,75.206,20,60,20,0,0,45.812,60,40,0,22,4,3,6,5,0,0,0,0,1,0,0,5,1,80,0,0,0,5.34147E-25,1,1,1,end
22,8,95.114,30,60,388.09,93.257,20,20,20,20,20,116.903,70,30,0,27,1,4,7,6,0,0,0,0,1,0,0,5,1,0,0,0,1,1,0,0,0,end
23,8,187.513,45,60,340.548,60.684,0,10,30,40,20,58.014,59,41,0,22,0,5,4,7,0,0,0,0,1,0,0,5,1,60,0,0,0,3.61087E-10,1,1,1,end
24,8,34.728,30,60,284.893,34.322,15,20,30,20,15,48.572,65,35,0,26,2,5,3,1,0,0,0,0,1,0,0,5,1,20,1,1,0,0.111709293,0,0,0,end
25,8,177.902,35,60,375.814,46.262,25,25,20,15,15,39.301,65,35,1,23,2,3,4,2,0,0,0,0,1,0,0,5,1,20,0,0,0,0.287297495,0,0,0,end
26,8,253.202,41,60,159.432,182.063,20,20,20,20,20,46.808,59,41,0,30,1,1,5,0,0,0,0,0,1,0,0,5,1,0,0,0,1,1,0,0,0,end
27,8,94.894,50,60,287.585,85.686,0,0,20,40,40,24.535,50,50,0,22,2,3,5,2,0,0,0,0,1,0,0,5,1,80,0,0,0,1.74183E-16,1,1,1,end
28,8,63.213,40,60,222.456,58.929,0,0,0,100,0,47.265,60,40,0,24,0,2,5,5,0,0,0,0,1,0,0,5,1,160,0,0,0,2.78163E-85,1,1,1,end
29,8,90.963,40,60,420.51,71.513,7,23,40,23,7,60.006,55,45,0,20,1,5,6,2,0,0,0,0,1,0,0,5,1,52,1,1,0,1.23222E-07,1,1,1,end
30,8,93.957,30,60,185.511,54.314,20,20,20,20,20,87.387,60,40,1,23,1,5,1,2,0,0,0,0,1,0,0,5,1,0,0,0,1,1,0,0,0,end
31,8,172.519,10,60,964.316,104.146,20,20,20,20,20,55.177,90,10,1,23,1,1,2,5,0,0,0,0,1,0,0,5,1,0,0,0,1,1,0,0,0,end
32,8,89.185,38,60,238.601,43.671,20,20,20,20,20,32.762,38,62,1,23,1,3,3,1,0,0,0,0,1,0,0,5,1,0,0,0,1,1,0,0,0,end
1,7,185.058,50,80,83.586,48.625,10,20,40,20,10,59.116,50,50,0,21,1,3,3,0,0,0,0,1,0,0,0,4,1,40,1,1,0,4.89444E-06,1,1,1,end
2,7,98.752,56,80,555.689,24.989,0,50,50,0,0,60.918,30,70,0,22,1,5,3,2,0,0,0,1,0,0,0,4,1,120,0,1,0,2.03576E-31,1,1,1,end
3,7,104.24,55,80,557.899,81.46,1,15,40,34,10,36.524,45,55,1,25,1,5,4,7,0,0,0,1,0,0,0,4,1,68,1,1,0,5.01496E-11,1,1,1,end
4,7,245.351,45,80,332.878,154.618,10,30,30,20,10,129.211,55,45,1,21,0,5,4,3,0,0,0,1,0,0,0,4,1,40,0,1,0,0.000499399,1,1,1,end
5,7,91.741,60,80,513.577,111.141,0,2,8,42,48,43.404,40,60,1,25,2,1,5,3,0,0,0,1,0,0,0,4,1,100,0,0,0,3.50166E-22,1,1,1,end
6,7,192.729,30,80,503.42,65.991,20,20,20,20,20,35.82,20,80,1,32,0,2,3,9,0,0,0,1,0,0,0,4,1,0,0,0,1,1,0,0,0,end
7,7,329.843,40,80,126.678,98.919,20,20,20,20,20,24.573,60,40,0,27,1,5,8,0,0,0,0,1,0,0,0,4,1,0,0,0,1,1,0,0,0,end
8,7,82.051,50,80,477.789,69.643,20,25,40,15,0,17.465,50,50,0,26,1,4,5,6,0,0,0,1,0,0,0,4,1,50,1,1,0,1.31393E-08,1,1,1,end
9,7,125.582,30,80,736.581,44.904,50,20,10,10,10,39.379,50,50,1,22,2,2,7,2,0,0,0,1,0,0,0,4,1,60,0,0,0,2.90086E-12,1,1,1,end
10,7,53.191,43,80,395.714,69.828,0,50,50,0,0,36.305,0,100,0,23,1,4,9,3,0,0,0,1,0,0,0,4,1,120,0,1,0,2.03576E-31,1,1,1,end
11,7,78.273,50,80,111.643,13.766,20,20,20,20,20,16.076,50,50,0,23,1,0,7,0,0,0,0,1,0,0,0,4,1,0,0,0,1,1,0,0,0,end
12,7,43.935,40,80,148.973,18.856,20,20,20,20,20,16.324,50,50,1,20,1,1,4,3,0,0,0,1,0,0,0,4,1,0,0,0,1,1,0,0,0,end
13,7,149.79,40,80,115.844,116.375,25,25,17,17,16,39.661,40,60,0,23,3,1,7,5,0,0,0,1,0,0,0,4,1,20,0,0,0,0.379614928,0,0,0,end
14,7,50.538,50,80,187.511,83.175,20,20,20,20,20,24.115,50,50,1,21,2,3,4,1,0,0,0,1,0,0,0,4,1,0,0,0,1,1,0,0,0,end
15,7,204.034,54,80,730.933,66.284,0,40,40,20,0,67.315,70,30,1,22,3,5,7,4,0,0,0,1,0,0,0,4,1,80,0,1,0,1.74183E-16,1,1,1,end
16,7,279.854,40,80,306.153,164.983,8,43,39,10,0,41.606,49,51,0,26,2,2,2,2,0,0,0,1,0,0,0,4,1,84,0,0,0,8.70465E-16,1,1,1,end
17,7,183.688,42,80,145.245,44.811,10,10,30,40,10,57.999,58,42,1,21,0,5,4,2,0,0,0,1,0,0,0,4,1,60,0,0,0,4.32842E-08,1,1,1,end
18,7,311.067,29,80,447.642,32.037,20,35,10,15,20,14.682,50,50,1,22,2,4,10,7,0,0,0,1,0,0,0,4,1,30,0,0,0,0.001544998,1,1,0,end
19,7,355.886,55,80,568.852,146.955,5,45,50,0,0,47.781,35,65,1,23,0,4,7,3,0,0,0,1,0,0,0,4,1,110,0,1,0,1.33342E-26,1,1,1,end
20,7,57.531,45,80,142.484,23.724,20,20,20,20,20,48.166,60,40,1,22,0,4,5,8,0,0,0,1,0,0,0,4,1,0,0,0,1,1,0,0,0,end
21,7,52.41,30,80,155.103,19.966,100,0,0,0,0,18.45,0,100,0,22,0,4,9,4,0,0,0,1,0,0,0,4,1,160,0,0,0,2.78163E-85,1,1,1,end
22,7,136.975,35,80,249.505,80.443,10,40,40,10,0,33.916,50,50,1,24,2,3,3,2,0,0,0,1,0,0,0,4,1,80,0,1,0,2.26984E-14,1,1,1,end
23,7,282.907,44,80,193.036,44.186,10,10,40,30,10,25.425,40,60,1,22,0,3,7,3,0,0,0,1,0,0,0,4,1,60,0,1,0,4.32842E-08,1,1,1,end
24,7,94.834,46,80,489.79,57.328,0,0,60,40,0,42.797,50,50,0,34,0,1,7,4,0,0,0,1,0,0,0,4,1,120,0,1,0,1.46193E-33,1,1,1,end
25,7,205.669,30,80,416.549,121.166,25,55,10,5,5,85.658,20,80,0,35,0,1,5,0,0,0,0,1,0,0,0,4,1,80,0,0,0,1.31676E-18,1,1,1,end
26,7,97.593,30,80,112.639,29.17,20,20,20,20,20,92.694,70,30,0,24,0,2,5,2,0,0,0,1,0,0,0,4,1,0,0,0,1,1,0,0,0,end
27,7,75.837,48,80,813.229,136.769,20,30,50,0,0,55.376,53,47,1,20,2,4,1,8,0,0,0,1,0,0,0,4,1,80,0,1,0,1.31676E-18,1,1,1,end
28,7,156.132,44,80,383.513,59.413,10,20,30,20,20,41.276,55,45,0,25,2,5,6,4,0,0,0,1,0,0,0,4,1,20,0,1,0,0.040427682,1,0,0,end
29,7,128.189,25,80,518.868,35.178,10,30,30,20,10,44.356,60,40,1,24,0,3,7,5,0,0,0,1,0,0,0,4,1,40,0,1,0,0.000499399,1,1,1,end
30,7,53.002,30,80,218.348,52.582,25,25,25,25,0,75.213,37,63,0,29,1,2,7,2,0,0,0,1,0,0,0,4,1,40,0,1,0,5.03098E-05,1,1,1,end
31,7,377.84,37,80,230.541,44.545,10,50,10,20,10,46.452,50,50,1,23,0,2,4,8,0,0,0,1,0,0,0,4,1,60,0,0,0,2.90086E-12,1,1,1,end
32,7,170.876,55,80,185.234,56.58,10,25,30,25,10,29.921,45,55,1,21,5,1,3,4,0,0,0,1,0,0,0,4,1,40,1,1,0,0.001544998,1,1,0,end
1,6,77.123,36,100,470.467,54.27,20,20,20,20,20,28.526,50,50,1,23,3,3,3,7,0,0,1,0,0,0,0,3,1,0,0,0,1,1,0,0,0,end
3,6,68.686,62,100,225.588,34.044,20,20,20,20,20,34.559,38,62,1,24,1,3,4,5,0,0,1,0,0,0,0,3,1,0,0,0,1,1,0,0,0,end
4,6,54.556,70,100,164.449,36.935,20,20,20,20,20,35.404,0,100,1,24,1,3,3,0,0,0,1,0,0,0,0,3,1,0,0,0,1,1,0,0,0,end
5,6,337.297,59,100,334.252,119.839,10,35,40,10,5,67.429,41,59,0,31,3,3,6,3,0,0,1,0,0,0,0,3,1,70,1,1,0,1.08427E-10,1,1,1,end
6,6,81.599,90,100,177.532,82.889,0,0,0,35,65,96.159,30,70,0,32,2,3,5,0,0,0,1,0,0,0,0,3,1,120,0,0,0,3.03995E-36,1,1,1,end
8,6,56.322,65,100,194.821,48.111,5,20,50,20,5,37.857,35,65,1,23,0,3,6,1,0,0,1,0,0,0,0,3,1,60,1,1,0,7.64744E-14,1,1,1,end
9,6,127.827,41,100,153.027,38.043,20,20,20,20,20,67.155,50,50,1,22,0,3,3,4,0,0,1,0,0,0,0,3,1,0,0,0,1,1,0,0,0,end
10,6,233.186,56,100,205.969,80.435,10,15,35,30,10,114.634,37,63,0,23,0,2,6,5,0,0,1,0,0,0,0,3,1,50,1,1,0,1.57486E-05,1,1,1,end
11,6,54.565,42,100,368.639,41.109,20,20,20,20,20,44.931,50,50,1,22,1,3,6,2,0,0,1,0,0,0,0,3,1,0,0,0,1,1,0,0,0,end
12,6,41.097,60,100,130.934,26.885,0,0,40,60,0,35.06,25,75,0,23,3,5,8,5,0,0,1,0,0,0,0,3,1,120,0,0,0,1.46193E-33,1,1,1,end
13,6,43.83,40,100,446.082,48.174,5,35,30,20,10,38.357,65,35,1,22,4,5,5,6,0,0,1,0,0,0,0,3,1,50,0,0,0,1.51183E-06,1,1,1,end
14,6,58.666,50,100,175.64,88.233,10,25,30,25,10,45.437,50,50,0,19,0,5,4,0,0,0,1,0,0,0,0,3,1,40,1,1,0,0.001544998,1,1,0,end
15,6,91.442,30,100,252.841,55.847,10,20,40,20,10,16.756,80,20,1,23,0,5,2,2,0,0,1,0,0,0,0,3,1,40,1,1,0,4.89444E-06,1,1,1,end
16,6,60.464,45,100,143.938,51.049,20,20,20,20,20,36.654,55,45,1,20,1,3,4,2,0,0,1,0,0,0,0,3,1,0,0,0,1,1,0,0,0,end
17,6,84.92,69,100,601.257,75.854,0,33,33,33,1,56.848,30,70,0,24,1,5,8,4,0,0,1,0,0,0,0,3,1,78,0,1,0,5.59001E-13,1,1,1,end
18,6,399.508,40,100,255.598,88.015,20,20,20,20,20,81.512,60,40,0,20,1,5,5,5,0,0,1,0,0,0,0,3,1,0,0,0,1,1,0,0,0,end
19,6,72.434,65,100,358.03,76.308,10,25,25,30,10,72.76,35,65,1,26,0,3,3,8,0,0,1,0,0,0,0,3,1,40,0,0,0,0.001544998,1,1,0,end
20,6,112.827,50,100,230.478,63.413,10,20,20,30,20,44.313,50,50,1,18,1,3,3,4,0,0,1,0,0,0,0,3,1,20,0,0,0,0.040427682,1,0,0,end
21,6,279.676,60,100,182.598,68.728,0,0,0,50,50,88.828,40,60,1,19,2,3,3,8,0,0,1,0,0,0,0,3,1,120,0,0,0,2.03576E-31,1,1,1,end
22,6,167.538,53,100,176.547,127.669,0,15,50,35,0,86.373,48,52,1,21,1,3,2,5,0,0,1,0,0,0,0,3,1,90,1,1,0,3.34917E-20,1,1,1,end
23,6,79.999,23,100,210.71,81.979,10,45,15,10,20,44.904,30,70,1,22,0,0,8,2,0,0,1,0,0,0,0,3,1,50,0,0,0,1.31393E-08,1,1,1,end
24,6,44.704,81,100,217.255,38.514,1,2,7,20,70,83.608,65,35,0,48,2,5,8,2,0,0,1,0,0,0,0,3,1,100,0,0,0,3.25881E-35,1,1,1,end
25,6,48.641,65,100,206.407,76.293,2,20,42,34,2,67.657,36,64,1,21,2,4,6,3,0,0,1,0,0,0,0,3,1,72,1,1,0,1.30452E-13,1,1,1,end
27,6,238.214,50,100,253.113,39.482,20,20,20,20,20,33.293,50,50,0,27,1,2,5,2,0,0,1,0,0,0,0,3,1,0,0,0,1,1,0,0,0,end
28,6,69.182,68,100,609.351,75.575,0,15,25,40,20,26.525,50,50,0,23,0,5,5,7,0,0,1,0,0,0,0,3,1,50,0,0,0,1.31393E-08,1,1,1,end
29,6,80.986,55,100,249.815,38.326,0,0,50,50,0,44.077,50,50,1,24,1,5,7,7,0,0,1,0,0,0,0,3,1,120,0,1,0,2.03576E-31,1,1,1,end
30,6,99.545,65,100,201.572,83.98,5,15,30,35,15,49.612,34,66,0,24,1,3,5,3,0,0,1,0,0,0,0,3,1,50,0,0,0,4.89444E-06,1,1,1,end
31,6,72.424,65,100,139.064,53.082,20,20,20,20,20,71.823,35,65,0,24,1,3,6,0,0,0,1,0,0,0,0,3,1,0,0,0,1,1,0,0,0,end
32,6,82.913,85,100,127.854,22.883,20,20,20,20,20,49.658,14,86,0,25,1,5,1,1,0,0,1,0,0,0,0,3,1,0,0,0,1,1,0,0,0,end
1,5,79.665,60,100,150.095,128.533,5,25,40,25,5,60.047,30,70,0,22,0,0,3,5,0,0,1,0,0,0,0,3,1,60,1,1,0,3.97596E-09,1,1,1,end
2,5,49.031,20,100,398.022,109.924,45,30,19,5,1,74.157,55,45,1,25,2,5,7,5,0,0,1,0,0,0,0,3,1,70,0,0,0,1.92335E-13,1,1,1,end
3,5,68.816,50,100,118.557,13.297,20,20,20,20,20,29.188,50,50,0,26,1,5,7,0,0,0,1,0,0,0,0,3,1,0,0,0,1,1,0,0,0,end
4,5,111.162,61,100,199.315,62.61,0,10,60,20,10,46.001,50,50,0,22,0,2,3,2,0,0,1,0,0,0,0,3,1,80,1,1,0,7.27766E-23,1,1,1,end
5,5,131.655,55,100,251.122,71.516,20,20,20,20,20,35,45,55,1,23,1,5,6,1,0,0,1,0,0,0,0,3,1,0,0,0,1,1,0,0,0,end
6,5,91.987,50,100,237.462,80.875,0,50,50,0,0,20.657,50,50,0,26,1,1,5,2,0,0,1,0,0,0,0,3,1,120,0,1,0,2.03576E-31,1,1,1,end
7,5,108.782,58,100,373.432,123.495,0,20,30,35,15,50.076,50,50,1,24,1,2,6,7,0,0,1,0,0,0,0,3,1,50,0,0,0,1.42084E-07,1,1,1,end
8,5,387.893,42,100,324.677,119.188,12,18,43,20,7,64.063,60,40,1,23,1,5,2,1,0,0,1,0,0,0,0,3,1,46,1,1,0,9.71708E-08,1,1,1,end
9,5,31.234,51,100,135.609,60.715,20,20,20,20,20,40.716,49,51,1,22,2,3,1,0,0,0,1,0,0,0,0,3,1,0,0,0,1,1,0,0,0,end
10,5,230.165,55,100,164.043,82.379,5,30,35,25,5,29.142,45,55,1,20,0,3,7,2,0,0,1,0,0,0,0,3,1,60,1,1,0,4.32842E-08,1,1,1,end
11,5,31.015,42,100,449.925,89.579,10,35,25,15,15,16.544,60,40,1,27,2,2,7,2,0,0,1,0,0,0,0,3,1,40,0,0,0,0.000499399,1,1,1,end
12,5,48.959,51,100,173.699,31.812,20,20,20,20,20,37.469,49,51,0,20,2,0,8,0,0,0,1,0,0,0,0,3,1,0,0,0,1,1,0,0,0,end
13,5,38.548,53,100,374.206,87.922,5,35,45,10,5,65.078,45,55,1,22,1,3,4,3,0,0,1,0,0,0,0,3,1,80,1,1,0,2.26984E-14,1,1,1,end
14,5,76.563,51,100,366.023,159.55,3,41,41,12,3,192.771,7,93,0,20,3,0,9,0,0,0,1,0,0,0,0,3,1,84,0,1,0,1.1106E-15,1,1,1,end
15,5,81.763,60,100,245.051,70.652,5,45,30,12,8,95.573,20,80,0,22,2,2,4,2,0,0,1,0,0,0,0,3,1,70,0,0,0,8.00888E-12,1,1,1,end
16,5,30.844,60,100,189.426,60.732,5,15,30,40,10,22.265,50,50,1,26,1,3,3,4,0,0,1,0,0,0,0,3,1,60,0,0,0,1.31393E-08,1,1,1,end
17,5,137.283,51,100,305.334,192.928,20,20,20,20,20,128.138,51,49,0,26,1,5,4,4,0,0,1,0,0,0,0,3,1,0,0,0,1,1,0,0,0,end
18,5,62.986,60,100,163.383,34.702,5,35,35,20,5,26.733,40,60,1,20,2,3,6,2,0,0,1,0,0,0,0,3,1,60,0,1,0,3.97596E-09,1,1,1,end
19,5,217.478,60,100,77.757,49.376,0,5,70,25,0,35.406,40,60,0,20,1,0,3,1,0,0,1,0,0,0,0,3,1,110,1,1,0,2.56684E-37,1,1,1,end
20,5,21.297,51,100,256.12,74.969,10,30,20,30,10,38.359,49,51,0,27,3,5,7,1,0,0,1,0,0,0,0,3,1,40,0,0,0,0.000499399,1,1,1,end
21,5,64.227,66,100,537.932,61.778,20,20,20,20,20,41.592,33,67,0,25,1,5,7,1,0,0,1,0,0,0,0,3,1,0,0,0,1,1,0,0,0,end
22,5,193.44,51,100,245.115,59.798,20,20,20,20,20,29.907,50,50,1,19,2,2,3,1,0,0,1,0,0,0,0,3,1,0,0,0,1,1,0,0,0,end
23,5,102.094,60,100,396.798,49.961,20,20,20,20,20,31.291,40,60,0,22,1,3,2,2,0,0,1,0,0,0,0,3,1,0,0,0,1,1,0,0,0,end
25,5,130.332,31,100,237.557,156.564,23,30,23,16,8,42.563,50,50,1,19,0,5,5,5,0,0,1,0,0,0,0,3,1,32,0,0,0,0.007621149,1,1,0,end
26,5,151.327,55,100,183.901,97.188,20,20,20,20,20,56.844,55,45,1,19,2,5,5,7,0,0,1,0,0,0,0,3,1,0,0,0,1,1,0,0,0,end
27,5,135.984,46,100,198.512,129.609,33,31,16,12,8,39.781,54,46,0,22,1,4,7,3,0,0,1,0,0,0,0,3,1,48,0,0,0,3.63719E-05,1,1,1,end
28,5,343.871,87,100,315.682,288.99,25,17,16,17,25,224.145,10,90,1,21,1,4,7,4,0,0,1,0,0,0,0,3,1,20,0,0,0,0.379614928,0,0,0,end
30,5,51.968,51,100,243.776,56.625,10,10,50,19,11,50.718,50,50,1,27,3,5,5,2,0,0,1,0,0,0,0,3,1,60,0,1,0,4.48342E-12,1,1,1,end
31,5,83.168,51,100,189.076,32.188,10,20,40,20,10,57.501,50,50,1,24,2,0,6,1,0,0,1,0,0,0,0,3,1,40,1,1,0,4.89444E-06,1,1,1,end
32,5,149.595,59,100,375.163,101.372,10,10,50,15,15,14.937,30,70,0,23,4,3,8,2,0,0,1,0,0,0,0,3,1,60,0,1,0,9.71674E-12,1,1,1,end
1,4,82.751,50,100,268.331,32.5,10,20,40,20,10,35.017,50,50,0,24,0,2,6,8,0,1,0,0,0,0,0,2,1,40,1,1,0,4.89444E-06,1,1,1,end
2,4,34.86,45,100,282.457,45.704,10,30,25,25,10,31.313,50,50,1,22,3,5,3,6,0,1,0,0,0,0,0,2,1,40,0,0,0,0.001544998,1,1,0,end
4,4,47.173,37,100,390.044,47.111,10,30,20,30,10,36.501,63,37,1,21,1,5,8,5,0,1,0,0,0,0,0,2,1,40,0,0,0,0.000499399,1,1,1,end
5,4,60.046,55,100,290.217,74.327,5,20,50,20,5,15.89,45,55,1,20,0,3,6,3,0,1,0,0,0,0,0,2,1,60,1,1,0,7.64744E-14,1,1,1,end
7,4,125.329,50,100,184.298,87.188,30,40,15,10,5,63.454,20,80,0,19,1,4,6,6,0,1,0,0,0,0,0,2,1,60,0,0,0,1.31393E-08,1,1,1,end
8,4,151.891,40,100,231.656,190.39,14,28,24,20,14,60.609,50,50,1,18,2,3,7,1,0,1,0,0,0,0,0,2,1,24,0,0,0,0.107379705,0,0,0,end
9,4,191.062,50,100,296.625,86.062,10,30,50,10,0,63.516,50,50,0,23,1,5,6,1,0,1,0,0,0,0,0,2,1,80,1,1,0,1.74183E-16,1,1,1,end
12,4,30.546,80,100,139.313,30.078,10,25,30,25,10,46.563,20,80,0,18,0,5,8,3,0,1,0,0,0,0,0,2,1,40,1,1,0,0.001544998,1,1,0,end
13,4,170.49,50,100,261.915,44.923,20,20,20,20,20,28.392,50,50,1,19,3,5,2,1,0,1,0,0,0,0,0,2,1,0,0,0,1,1,0,0,0,end
14,4,147.453,55,100,426.203,158.672,0,5,55,35,5,82.562,41,59,1,19,0,5,3,4,0,1,0,0,0,0,0,2,1,100,1,1,0,6.24055E-24,1,1,1,end
15,4,92.42,56,100,309.557,90.326,20,30,20,20,10,22.296,50,50,1,19,0,3,6,1,0,1,0,0,0,0,0,2,1,20,0,0,0,0.040427682,1,0,0,end
16,4,108.985,60,100,312.25,66.109,10,20,40,30,0,57.672,40,60,0,22,3,3,2,8,0,1,0,0,0,0,0,2,1,60,1,1,0,3.61087E-10,1,1,1,end
17,4,181.595,50,100,321.971,163.626,5,20,30,30,15,67.735,50,50,1,19,0,5,1,5,0,1,0,0,0,0,0,2,1,40,0,1,0,0.000159339,1,1,1,end
18,4,48.235,33,100,138.018,158.095,20,20,20,20,20,58.344,67,33,0,23,4,3,2,3,0,1,0,0,0,0,0,2,1,0,0,0,1,1,0,0,0,end
19,4,92.331,48,100,304.729,34.783,20,20,20,20,20,44.767,80,20,1,21,3,3,7,5,0,1,0,0,0,0,0,2,1,0,0,0,1,1,0,0,0,end
20,4,239.6,60,100,133.097,87.861,0,0,0,50,50,77.064,50,50,0,20,2,0,5,5,0,1,0,0,0,0,0,2,1,120,0,0,0,2.03576E-31,1,1,1,end
21,4,239.804,65,100,190.537,44.283,20,20,20,20,20,25.735,35,65,0,24,1,1,3,1,0,1,0,0,0,0,0,2,1,0,0,0,1,1,0,0,0,end
22,4,506.398,69,100,219.112,15.735,20,20,20,20,20,26.438,31,69,1,19,1,3,3,8,0,1,0,0,0,0,0,2,1,0,0,0,1,1,0,0,0,end
23,4,401.331,55,100,130.813,98.672,12,25,26,25,12,74.954,45,55,0,23,2,5,2,2,0,1,0,0,0,0,0,2,1,32,1,1,0,0.030150759,1,0,0,end
24,4,122.532,42,100,159.58,60.766,0,50,30,20,0,120.672,58,42,0,27,0,5,8,2,0,1,0,0,0,0,0,2,1,80,0,0,0,1.31676E-18,1,1,1,end
25,4,188.566,60,100,239.973,111.127,5,30,30,25,10,45.547,30,70,1,26,0,3,7,3,0,1,0,0,0,0,0,2,1,50,0,1,0,1.57486E-05,1,1,1,end
26,4,78.312,30,100,449.935,158.467,10,30,30,20,10,57.718,60,40,1,25,2,4,9,5,0,1,0,0,0,0,0,2,1,40,0,1,0,0.000499399,1,1,1,end
27,4,232.967,67,100,368.732,124.265,10,10,50,30,0,80.187,30,70,1,24,2,5,3,3,0,1,0,0,0,0,0,2,1,80,0,1,0,1.74183E-16,1,1,1,end
28,4,223.535,40,100,114.674,200.879,10,20,29,28,13,28.344,60,40,0,29,0,2,8,1,0,1,0,0,0,0,0,2,1,34,1,1,0,0.005365646,1,1,0,end
29,4,128.891,70,100,291.329,90.156,20,20,20,20,20,75.281,70,30,0,21,3,5,5,0,0,1,0,0,0,0,0,2,1,0,0,0,1,1,0,0,0,end
30,4,340.794,38,100,279.249,55.624,15,35,15,20,15,127.421,60,40,1,21,1,2,7,4,0,1,0,0,0,0,0,2,1,30,0,0,0,0.004701217,1,1,0,end
31,4,127.439,50,100,259.674,46.531,20,15,30,20,15,26.735,50,50,1,22,1,5,5,1,0,1,0,0,0,0,0,2,1,20,0,0,0,0.111709293,0,0,0,end
32,4,270.582,55,100,164.189,26.266,20,20,20,20,20,36.578,45,55,1,19,1,3,1,6,0,1,0,0,0,0,0,2,1,0,0,0,1,1,0,0,0,end
1,3,193.534,60,100,473.87,270.909,0,5,40,45,10,93.954,40,60,1,25,1,5,4,5,0,1,0,0,0,0,0,2,1,90,0,0,0,4.47105E-18,1,1,1,end
2,3,252.864,60,100,208.427,64.423,0,10,60,30,0,39.376,40,60,1,21,0,5,3,3,0,1,0,0,0,0,0,2,1,100,1,1,0,3.89406E-27,1,1,1,end
3,3,309.151,70,100,228.055,84.705,20,20,20,20,20,74.064,29,71,1,25,1,3,3,6,0,1,0,0,0,0,0,2,1,0,0,0,1,1,0,0,0,end
4,3,196.008,50,100,151.82,103.535,0,50,50,0,0,31.814,35,65,0,31,1,5,6,5,0,1,0,0,0,0,0,2,1,120,0,1,0,2.03576E-31,1,1,1,end
5,3,109.765,30,100,476.611,67.609,40,25,20,10,5,14.953,40,60,0,20,1,5,8,6,0,1,0,0,0,0,0,2,1,50,0,0,0,1.42084E-07,1,1,1,end
6,3,151.286,48,100,184.647,114.706,10,31,35,14,10,51.236,57,43,1,22,0,3,4,2,0,1,0,0,0,0,0,2,1,52,1,1,0,7.46012E-06,1,1,1,end
7,3,95.625,70,100,290.237,140.86,5,25,40,25,5,39.656,30,70,0,18,0,3,3,2,0,1,0,0,0,0,0,2,1,60,1,1,0,3.97596E-09,1,1,1,end
8,3,161.914,72,100,248.625,67.003,5,12,20,50,13,71.989,30,70,1,22,1,1,2,6,0,1,0,0,0,0,0,2,1,60,0,0,0,1.15626E-12,1,1,1,end
9,3,92.047,55,100,241.203,23.625,20,20,20,20,20,50.219,45,55,1,18,2,3,7,1,0,1,0,0,0,0,0,2,1,0,0,0,1,1,0,0,0,end
10,3,108.66,65,100,285.824,72.877,30,30,30,5,5,94.034,65,35,1,23,3,3,3,7,0,1,0,0,0,0,0,2,1,60,0,1,0,1.42084E-07,1,1,1,end
11,3,162.61,40,100,208.437,115.421,5,20,30,30,15,58.344,40,60,1,25,1,1,3,2,0,1,0,0,0,0,0,2,1,40,0,1,0,0.000159339,1,1,1,end
12,3,151.579,67,100,196.688,183.953,2,10,25,48,15,122.297,25,75,1,25,1,2,3,6,0,1,0,0,0,0,0,2,1,66,0,0,0,7.12284E-13,1,1,1,end
13,3,119.239,40,100,207.432,93.159,10,25,30,30,5,15.828,60,40,1,25,1,1,5,1,0,1,0,0,0,0,0,2,1,50,0,1,0,1.57486E-05,1,1,1,end
14,3,284.485,51,100,462.75,97.031,20,20,20,20,20,80.203,50,50,1,20,1,3,5,7,0,1,0,0,0,0,0,2,1,0,0,0,1,1,0,0,0,end
15,3,552.802,60,100,222.559,117.747,0,0,100,0,0,48.077,0,100,0,21,1,5,3,5,0,1,0,0,0,0,0,2,1,160,0,1,0,2.78163E-85,1,1,1,end
16,3,147,45,100,162.11,150,5,43,22,18,12,67.984,35,65,0,20,1,5,3,5,0,1,0,0,0,0,0,2,1,50,0,0,0,2.32958E-08,1,1,1,end
17,3,552.301,50,100,205.785,55.876,10,30,30,20,10,28.125,40,60,0,27,3,3,7,6,0,1,0,0,0,0,0,2,1,40,0,1,0,0.000499399,1,1,1,end
18,3,64.22,45,100,125.877,43.282,10,20,30,20,20,43.532,55,45,1,23,4,3,6,3,0,1,0,0,0,0,0,2,1,20,0,1,0,0.040427682,1,0,0,end
19,3,153.881,50,100,394.188,132.723,20,20,20,20,20,29.329,49,51,1,21,1,4,5,9,0,1,0,0,0,0,0,2,1,0,0,0,1,1,0,0,0,end
20,3,75.987,25,100,319.777,159.629,17,21,27,18,17,94.393,75,25,1,22,0,3,4,8,0,1,0,0,0,0,0,2,1,16,1,1,0,0.462836887,0,0,0,end
21,3,247.775,44,100,205.603,87.549,20,20,20,20,20,55.923,56,44,1,28,2,1,5,1,0,1,0,0,0,0,0,2,1,0,0,0,1,1,0,0,0,end
22,3,609.293,42,100,178.317,72.579,20,35,10,20,15,43.438,30,70,1,19,0,3,2,3,0,1,0,0,0,0,0,2,1,30,0,0,0,0.001544998,1,1,0,end
23,3,386.018,67,100,342.284,179.361,0,5,45,47,3,206.22,25,75,1,22,0,5,7,6,0,1,0,0,0,0,0,2,1,104,0,0,0,1.36987E-23,1,1,1,end
24,3,179.72,21,100,753.63,215.017,5,10,25,40,20,40.516,60,40,1,47,1,5,10,8,0,1,0,0,0,0,0,2,1,50,0,0,0,1.42084E-07,1,1,1,end
25,3,121.236,50,100,539.76,266.662,20,20,20,20,20,85.33,20,80,1,25,1,3,4,3,0,1,0,0,0,0,0,2,1,0,0,0,1,1,0,0,0,end
26,3,189.905,60,100,426.888,154.764,0,0,50,50,0,119.874,50,50,1,25,1,5,5,5,0,1,0,0,0,0,0,2,1,120,0,1,0,2.03576E-31,1,1,1,end
27,3,89.796,52,100,268.28,77.469,15,30,40,10,5,64.124,45,55,1,19,3,3,7,2,0,1,0,0,0,0,0,2,1,60,1,1,0,1.31393E-08,1,1,1,end
28,3,92.314,34,100,318.896,145.737,20,20,20,20,20,56.267,50,50,1,19,1,5,8,6,0,1,0,0,0,0,0,2,1,0,0,0,1,1,0,0,0,end
29,3,223.172,69,100,165.187,77.079,0,20,25,40,15,57.5,35,65,1,20,6,3,6,8,0,1,0,0,0,0,0,2,1,50,0,0,0,1.31393E-08,1,1,1,end
30,3,284.967,35,100,163.046,91.984,20,25,20,20,15,28.891,50,50,1,21,2,5,7,8,0,1,0,0,0,0,0,2,1,10,0,0,0,0.644635793,0,0,0,end
31,3,83.485,51,100,219.689,72.047,5,20,50,20,5,113.017,49,51,1,20,1,3,8,5,0,1,0,0,0,0,0,2,1,60,1,1,0,7.64744E-14,1,1,1,end
32,3,112.049,50,100,160.176,84.048,5,20,50,20,5,46.032,50,50,1,20,0,5,5,3,0,1,0,0,0,0,0,2,1,60,1,1,0,7.64744E-14,1,1,1,end
1,2,117.142,60,100,184.315,47.454,30,30,30,10,0,31.423,35,65,1,20,2,4,6,6,1,0,0,0,0,0,0,1,1,60,0,1,0,4.32842E-08,1,1,1,end
2,2,176.268,70,100,298.848,79.986,10,30,20,30,10,68.329,35,65,1,19,1,5,4,6,1,0,0,0,0,0,0,1,1,40,0,0,0,0.000499399,1,1,1,end
3,2,205.442,65,100,422.621,126.847,20,20,20,30,10,54.439,66,34,1,20,1,5,8,7,1,0,0,0,0,0,0,1,1,20,0,0,0,0.040427682,1,0,0,end
4,2,78.909,75,100,261.399,68.939,5,20,50,20,5,64.768,20,80,1,22,1,3,5,4,1,0,0,0,0,0,0,1,1,60,1,1,0,7.64744E-14,1,1,1,end
5,2,349.091,50,100,254.545,187.764,17,32,17,17,17,90.437,50,50,1,23,0,2,4,8,1,0,0,0,0,0,0,1,1,24,0,0,0,0.061099481,0,0,0,end
6,2,134.565,62,100,212.426,170.753,20,20,20,20,20,46.016,38,62,0,27,1,5,2,3,1,0,0,0,0,0,0,1,1,0,0,0,1,1,0,0,0,end
7,2,212.204,66,100,250.017,73.235,5,50,40,5,0,65.829,5,95,0,20,3,1,4,6,1,0,0,0,0,0,0,1,1,100,0,0,0,2.48345E-22,1,1,1,end
9,2,177.671,65,100,238.781,127.797,30,30,30,10,0,42.75,35,65,0,26,1,3,6,1,1,0,0,0,0,0,0,1,1,60,0,1,0,4.32842E-08,1,1,1,end
10,2,193.522,62,100,456.952,17.454,0,0,0,50,50,74.205,65,35,1,24,0,5,2,8,1,0,0,0,0,0,0,1,1,120,0,0,0,2.03576E-31,1,1,1,end
11,2,120.843,60,100,218.531,24.406,20,20,20,20,20,34.797,40,60,1,23,1,5,5,2,1,0,0,0,0,0,0,1,1,0,0,0,1,1,0,0,0,end
12,2,194.953,44,100,333.469,40.671,10,60,10,10,10,46.516,10,90,1,29,1,5,4,4,1,0,0,0,0,0,0,1,1,80,0,0,0,9.83662E-21,1,1,1,end
13,2,93.8,62,100,147.833,115.175,15,30,30,15,10,83.597,38,62,1,21,1,3,3,2,1,0,0,0,0,0,0,1,1,40,0,1,0,0.001544998,1,1,0,end
14,2,139.438,50,100,194.046,27.781,25,40,15,10,10,51.062,60,40,1,23,3,5,7,1,1,0,0,0,0,0,0,1,1,50,0,0,0,1.51183E-06,1,1,1,end
15,2,92.53,50,100,194.09,33.297,20,20,20,20,20,34.031,50,50,1,25,1,5,2,5,1,0,0,0,0,0,0,1,1,0,0,0,1,1,0,0,0,end
16,2,35.016,63,100,229.437,92.985,10,25,30,25,10,21.078,30,70,1,22,0,5,3,2,1,0,0,0,0,0,0,1,1,40,1,1,0,0.001544998,1,1,0,end
17,2,228.705,45,100,215.877,51.438,70,30,0,0,0,55.313,0,100,0,20,2,2,8,2,1,0,0,0,0,0,0,1,1,120,0,0,0,5.30024E-40,1,1,1,end
18,2,80.923,59,100,220.956,75.33,20,20,20,20,20,90.001,41,59,0,23,0,1,3,4,1,0,0,0,0,0,0,1,1,0,0,0,1,1,0,0,0,end
19,2,141.707,50,100,215.757,57.252,10,20,40,20,10,31.297,50,50,1,21,0,3,1,3,1,0,0,0,0,0,0,1,1,40,1,1,0,4.89444E-06,1,1,1,end
20,2,334.149,62,100,136.597,44.329,14,24,24,24,14,56.658,24,76,1,20,3,2,4,3,1,0,0,0,0,0,0,1,1,24,0,1,0,0.199148273,0,0,0,end
21,2,293.556,35,100,294.806,58.362,10,20,30,20,20,41.236,20,80,0,23,1,3,6,2,1,0,0,0,0,0,0,1,1,20,0,1,0,0.040427682,1,0,0,end
22,2,236.831,46,100,211.581,58.032,20,20,20,20,20,61.079,54,46,1,23,2,2,3,5,1,0,0,0,0,0,0,1,1,0,0,0,1,1,0,0,0,end
23,2,33.875,45,100,196.22,44.297,15,20,30,20,15,17.641,75,25,0,21,1,5,4,1,1,0,0,0,0,0,0,1,1,20,1,1,0,0.111709293,0,0,0,end
24,2,95.298,50,100,143.626,28.454,20,20,20,20,20,14.672,50,50,1,21,1,1,2,0,1,0,0,0,0,0,0,1,1,0,0,0,1,1,0,0,0,end
25,2,114.393,76,100,336.132,98.033,20,20,20,20,20,57.532,24,76,1,21,1,3,3,2,1,0,0,0,0,0,0,1,1,0,0,0,1,1,0,0,0,end
26,2,95.781,50,100,217.42,107.233,10,20,40,20,10,45.172,50,50,0,19,2,1,6,0,1,0,0,0,0,0,0,1,1,40,1,1,0,4.89444E-06,1,1,1,end
27,2,299.217,37,100,288.795,136.186,0,40,45,15,0,98.859,70,30,1,22,2,3,8,2,1,0,0,0,0,0,0,1,1,90,1,1,0,3.87509E-19,1,1,1,end
28,2,121.159,58,100,354.678,46.579,20,10,10,40,20,43.642,35,65,1,19,2,4,6,3,1,0,0,0,0,0,0,1,1,40,0,0,0,4.89444E-06,1,1,1,end
29,2,71.015,42,100,211.625,56.062,20,20,20,20,20,88.25,57,43,0,19,2,3,8,1,1,0,0,0,0,0,0,1,1,0,0,0,1,1,0,0,0,end
30,2,169.562,55,100,473.044,88.281,10,40,22,18,10,33.843,50,50,1,21,1,2,7,8,1,0,0,0,0,0,0,1,1,44,0,0,0,4.05732E-06,1,1,1,end
31,2,312.799,42,100,217.017,88.969,20,30,20,20,10,111.657,58,42,1,21,2,1,5,4,1,0,0,0,0,0,0,1,1,20,0,0,0,0.040427682,1,0,0,end
32,2,431.474,65,100,197.33,63.47,20,20,20,20,20,21.672,50,50,0,24,1,5,2,2,1,0,0,0,0,0,0,1,1,0,0,0,1,1,0,0,0,end
1,1,120.158,30,100,395.927,37.626,20,20,20,20,20,67.454,70,30,0,23,0,5,7,0,1,0,0,0,0,0,0,1,1,0,0,0,1,1,0,0,0,end
2,1,103.283,23,100,346.254,53.579,10,25,30,25,10,32.985,25,75,1,25,1,2,3,1,1,0,0,0,0,0,0,1,1,40,1,1,0,0.001544998,1,1,0,end
3,1,157.364,45,100,338.478,38.548,35,35,20,10,0,30.532,55,45,0,20,0,4,7,2,1,0,0,0,0,0,0,1,1,60,0,0,0,1.19972E-09,1,1,1,end
4,1,283.665,73,100,509.001,111.628,10,20,40,20,10,100.956,30,70,1,23,2,3,3,1,1,0,0,0,0,0,0,1,1,40,1,1,0,4.89444E-06,1,1,1,end
5,1,282.03,51,100,431.466,38.453,20,20,20,20,20,29.812,50,50,1,24,1,1,6,7,1,0,0,0,0,0,0,1,1,0,0,0,1,1,0,0,0,end
6,1,382.164,62,100,579.808,62.095,20,30,25,15,10,57.235,30,70,1,21,1,3,5,9,1,0,0,0,0,0,0,1,1,30,0,0,0,0.013995792,1,0,0,end
7,1,207.207,60,100,461.572,83.836,20,20,20,20,20,21.327,40,60,1,24,2,4,4,5,1,0,0,0,0,0,0,1,1,0,0,0,1,1,0,0,0,end
8,1,100.392,45,100,567.581,70.656,30,15,10,30,15,65.61,10,90,1,27,1,5,1,5,1,0,0,0,0,0,0,1,1,40,0,0,0,0.001544998,1,1,0,end
9,1,95.579,67,100,110.173,16.203,20,20,20,20,20,40.296,34,66,0,24,1,4,3,0,1,0,0,0,0,0,0,1,1,0,0,0,1,1,0,0,0,end
10,1,480.578,45,100,497.922,146.27,35,35,20,10,0,21.907,55,45,0,22,1,3,6,7,1,0,0,0,0,0,0,1,1,60,0,0,0,1.19972E-09,1,1,1,end
11,1,431.646,65,100,249.909,84.055,20,20,20,20,20,94.775,35,65,1,24,1,5,6,3,1,0,0,0,0,0,0,1,1,0,0,0,1,1,0,0,0,end
12,1,164.486,40,100,339.332,23.045,30,40,10,10,10,80.743,65,35,1,19,2,5,8,4,1,0,0,0,0,0,0,1,1,60,0,0,0,4.32842E-08,1,1,1,end
13,1,240.852,34,100,535.423,72.925,10,50,15,15,10,29.36,60,40,1,23,6,5,6,3,1,0,0,0,0,0,0,1,1,60,0,0,0,9.71674E-12,1,1,1,end
14,1,160.37,60,100,601.442,99.012,15,18,35,17,15,53.155,35,65,1,22,0,3,6,7,1,0,0,0,0,0,0,1,1,30,1,1,0,0.006122004,1,1,0,end
15,1,60.437,42,100,628.918,86.225,0,30,40,30,0,53.682,42,58,1,19,1,5,8,8,1,0,0,0,0,0,0,1,1,80,1,1,0,2.26984E-14,1,1,1,end
16,1,292.379,35,100,230.159,25.513,20,20,20,20,20,37.388,65,35,1,27,0,2,8,0,1,0,0,0,0,0,0,1,1,0,0,0,1,1,0,0,0,end
17,1,61.516,40,100,302.002,20.532,20,20,20,20,20,34.656,60,40,1,23,1,3,6,2,1,0,0,0,0,0,0,1,1,0,0,0,1,1,0,0,0,end
18,1,185.441,51,100,173.035,69.762,25,40,25,10,0,56.529,49,51,0,24,3,2,7,0,1,0,0,0,0,0,0,1,1,60,0,0,0,1.19972E-09,1,1,1,end
19,1,349.621,70,100,600.16,129.333,13,23,28,16,20,78.253,30,70,1,20,1,4,1,9,1,0,0,0,0,0,0,1,1,22,0,0,0,0.141268082,0,0,0,end
20,1,189.567,65,100,740.394,72.643,50,40,10,0,0,45.798,0,100,1,22,2,4,6,4,1,0,0,0,0,0,0,1,1,100,0,0,0,7.27766E-23,1,1,1,end
21,1,166.256,52,100,699.522,63.299,10,35,30,15,10,94.925,25,75,1,22,1,4,5,4,1,0,0,0,0,0,0,1,1,50,0,0,0,1.57486E-05,1,1,1,end
22,1,43,50,100,379.52,38.172,15,15,20,20,30,36.125,60,40,1,19,2,3,7,7,1,0,0,0,0,0,0,1,1,20,0,0,0,0.111709293,0,0,0,end
23,1,31.063,45,100,154.627,56.606,10,20,35,25,10,147.869,35,65,0,22,1,1,7,1,1,0,0,0,0,0,0,1,1,40,1,1,0,0.000159339,1,1,1,end
24,1,231.362,60,100,240.91,130.803,10,20,45,15,10,114.31,25,75,0,26,0,2,3,0,1,0,0,0,0,0,0,1,1,50,1,1,0,1.31393E-08,1,1,1,end
25,1,162.567,55,100,193.614,75.949,25,25,20,10,20,58.012,45,55,1,19,1,5,6,1,1,0,0,0,0,0,0,1,1,20,0,0,0,0.111709293,0,0,0,end
26,1,135.578,77,100,378.592,55.248,20,20,20,20,20,92.685,23,77,1,21,1,3,2,1,1,0,0,0,0,0,0,1,1,0,0,0,1,1,0,0,0,end
27,1,104.797,49,100,343.594,91.449,25,25,25,25,0,56.732,51,49,0,30,1,3,4,3,1,0,0,0,0,0,0,1,1,40,0,1,0,5.03098E-05,1,1,1,end
28,1,98.394,70,100,136.864,63.965,5,5,5,27,58,53.856,80,20,0,25,2,2,3,2,1,0,0,0,0,0,0,1,1,90,0,0,0,1.59653E-22,1,1,1,end
29,1,147.578,65,100,581.816,87.573,20,20,20,20,20,65.356,66,34,1,27,2,5,3,1,1,0,0,0,0,0,0,1,1,0,0,0,1,1,0,0,0,end
31,1,111.423,60,100,160.111,137.508,27,27,26,10,10,66.639,40,60,0,19,2,3,4,1,1,0,0,0,0,0,0,1,1,40,0,0,0,0.002210307,1,1,0,end
32,1,133.673,65,100,623.992,77.579,0,50,50,0,0,73.22,38,62,1,21,0,2,5,8,1,0,0,0,0,0,0,1,1,120,0,1,0,2.03576E-31,1,1,1,end
