treatment,auct_100_100,auct_100_100_wo,bret,auct_80_100,auct_60_100,auct_60_60,auct_60_60_exp,session,subject,subject_in_session,female,age,siblings,faculty,soep,complex,wrongq1a,wrongq1b,wrongq1c,wrongq1d,wrongq2a,wrongq2b,wrongq2c,wrongq2d,wrongq3a,wrongq3b,wrongq3c,wrongq3d,wrongq3e,wrongq4,wrongq5,timecq,value,bid,timemain,prob1,prob2,prob3,prob4,prob5,timeb1,problose,probwin,timeb2
3,0,0,1,0,0,0,0,1,1,1,0,23,0,5,7,0,0,0,0,0,0,0,0,1,5,6,0,6,6,0,0,395.927,100,30,120.158,20,20,20,20,20,37.626,70,30,67.454
3,0,0,1,0,0,0,0,1,2,2,1,25,1,2,3,1,0,0,0,0,0,0,0,0,3,4,2,4,4,0,0,346.254,100,23,103.283,10,25,30,25,10,53.579,25,75,32.985
3,0,0,1,0,0,0,0,1,3,3,0,20,0,4,7,2,0,3,3,3,0,0,0,4,7,8,0,13,14,0,0,338.478,100,45,157.364,35,35,20,10,0,38.548,55,45,30.532
3,0,0,1,0,0,0,0,1,4,4,1,23,2,3,3,1,0,0,0,0,0,0,0,0,5,3,0,3,3,0,0,509.001,100,73,283.665,10,20,40,20,10,111.628,30,70,100.956
3,0,0,1,0,0,0,0,1,5,5,1,24,1,1,6,7,0,0,0,0,0,0,0,0,3,2,2,2,2,0,0,431.466,100,51,282.03,20,20,20,20,20,38.453,50,50,29.812
3,0,0,1,0,0,0,0,1,6,6,1,21,1,3,5,9,0,0,0,0,0,0,0,0,2,2,0,2,2,0,0,579.808,100,62,382.164,20,30,25,15,10,62.095,30,70,57.235
3,0,0,1,0,0,0,0,1,7,7,1,24,2,4,4,5,0,0,0,0,0,0,0,0,2,2,1,2,3,0,0,461.572,100,60,207.207,20,20,20,20,20,83.836,40,60,21.327
3,0,0,1,0,0,0,0,1,8,8,1,27,1,5,1,5,1,9,8,9,4,4,4,10,14,14,0,14,14,0,5,567.581,100,45,100.392,30,15,10,30,15,70.656,10,90,65.61
3,0,0,1,0,0,0,0,1,9,9,0,24,1,4,3,0,0,0,0,0,0,0,0,0,0,0,0,0,0,0,0,110.173,100,67,95.579,20,20,20,20,20,16.203,34,66,40.296
3,0,0,1,0,0,0,0,1,10,10,0,22,1,3,6,7,1,3,3,3,4,4,4,5,11,9,0,11,10,0,0,497.922,100,45,480.578,35,35,20,10,0,146.27,55,45,21.907
3,0,0,1,0,0,0,0,1,11,11,1,24,1,5,6,3,0,0,0,0,0,0,0,0,6,5,0,4,5,0,0,249.909,100,65,431.646,20,20,20,20,20,84.055,35,65,94.775
3,0,0,1,0,0,0,0,1,12,12,1,19,2,5,8,4,0,0,0,0,0,0,0,0,3,3,0,3,3,0,0,339.332,100,40,164.486,30,40,10,10,10,23.045,65,35,80.743
3,0,0,1,0,0,0,0,1,13,13,1,23,6,5,6,3,0,0,0,0,0,0,0,0,5,5,2,5,5,0,0,535.423,100,34,240.852,10,50,15,15,10,72.925,60,40,29.36
3,0,0,1,0,0,0,0,1,14,14,1,22,0,3,6,7,0,0,0,0,0,0,0,0,0,0,0,0,0,0,0,601.442,100,60,160.37,15,18,35,17,15,99.012,35,65,53.155
3,0,0,1,0,0,0,0,1,15,15,1,19,1,5,8,8,0,0,0,0,0,0,0,0,1,1,0,1,1,0,0,628.918,100,42,60.437,0,30,40,30,0,86.225,42,58,53.682
3,0,0,1,0,0,0,0,1,16,16,1,27,0,2,8,0,0,0,0,0,0,0,0,3,1,2,0,2,2,0,0,230.159,100,35,292.379,20,20,20,20,20,25.513,65,35,37.388
3,0,0,1,0,0,0,0,1,17,17,1,23,1,3,6,2,0,0,0,0,0,0,0,0,16,10,1,17,15,0,0,302.002,100,40,61.516,20,20,20,20,20,20.532,60,40,34.656
3,0,0,1,0,0,0,0,1,18,18,0,24,3,2,7,0,0,0,0,0,0,0,0,0,1,1,0,1,1,0,0,173.035,100,51,185.441,25,40,25,10,0,69.762,49,51,56.529
3,0,0,1,0,0,0,0,1,19,19,1,20,1,4,1,9,1,1,1,1,0,0,0,1,10,10,2,10,10,0,3,600.16,100,70,349.621,13,23,28,16,20,129.333,30,70,78.253
3,0,0,1,0,0,0,0,1,20,20,1,22,2,4,6,4,0,0,0,0,0,0,0,0,0,0,0,0,0,0,0,740.394,100,65,189.567,50,40,10,0,0,72.643,0,100,45.798
3,0,0,1,0,0,0,0,1,21,21,1,22,1,4,5,4,13,0,0,0,13,13,13,0,12,11,11,11,11,0,0,699.522,100,52,166.256,10,35,30,15,10,63.299,25,75,94.925
3,0,0,1,0,0,0,0,1,22,22,1,19,2,3,7,7,0,0,0,0,0,0,0,0,2,2,0,2,2,0,0,379.52,100,50,43,15,15,20,20,30,38.172,60,40,36.125
3,0,0,1,0,0,0,0,1,23,23,0,22,1,1,7,1,0,0,0,0,0,0,0,0,0,0,0,0,0,0,0,154.627,100,45,31.063,10,20,35,25,10,56.606,35,65,147.869
3,0,0,1,0,0,0,0,1,24,24,0,26,0,2,3,0,0,0,0,0,0,0,0,0,4,5,1,5,5,0,0,240.91,100,60,231.362,10,20,45,15,10,130.803,25,75,114.31
3,0,0,1,0,0,0,0,1,25,25,1,19,1,5,6,1,0,0,0,0,0,0,0,0,1,1,0,1,1,0,0,193.614,100,55,162.567,25,25,20,10,20,75.949,45,55,58.012
3,0,0,1,0,0,0,0,1,26,26,1,21,1,3,2,1,0,0,0,0,0,0,0,0,1,1,0,2,1,0,0,378.592,100,77,135.578,20,20,20,20,20,55.248,23,77,92.685
3,0,0,1,0,0,0,0,1,27,27,0,30,1,3,4,3,2,0,0,0,0,0,0,0,4,4,3,5,5,0,0,343.594,100,49,104.797,25,25,25,25,0,91.449,51,49,56.732
3,0,0,1,0,0,0,0,1,28,28,0,25,2,2,3,2,0,0,0,0,0,0,0,0,2,2,2,2,2,0,0,136.864,100,70,98.394,5,5,5,27,58,63.965,80,20,53.856
3,0,0,1,0,0,0,0,1,29,29,1,27,2,5,3,1,0,0,0,0,0,0,0,0,3,3,0,3,3,0,0,581.816,100,65,147.578,20,20,20,20,20,87.573,66,34,65.356
3,0,0,1,0,0,0,0,1,30,31,0,19,2,3,4,1,0,0,0,0,0,0,0,0,1,1,0,1,1,0,0,160.111,100,60,111.423,27,27,26,10,10,137.508,40,60,66.639
3,0,0,1,0,0,0,0,1,31,32,1,21,0,2,5,8,0,1,1,1,0,0,0,1,12,14,0,13,14,0,0,623.992,100,65,133.673,0,50,50,0,0,77.579,38,62,73.22
3,0,0,1,0,0,0,0,2,32,1,1,20,2,4,6,6,0,0,0,0,0,0,0,0,3,3,0,3,3,0,0,184.315,100,60,117.142,30,30,30,10,0,47.454,35,65,31.423
3,0,0,1,0,0,0,0,2,33,2,1,19,1,5,4,6,0,1,1,1,0,0,0,2,0,0,0,0,0,0,1,298.848,100,70,176.268,10,30,20,30,10,79.986,35,65,68.329
3,0,0,1,0,0,0,0,2,34,3,1,20,1,5,8,7,2,1,1,1,1,1,1,1,0,0,0,0,3,0,2,422.621,100,65,205.442,20,20,20,30,10,126.847,66,34,54.439
3,0,0,1,0,0,0,0,2,35,4,1,22,1,3,5,4,0,0,0,0,3,3,3,3,3,3,3,5,3,0,0,261.399,100,75,78.909,5,20,50,20,5,68.939,20,80,64.768
3,0,0,1,0,0,0,0,2,36,5,1,23,0,2,4,8,0,0,0,0,0,0,0,0,1,1,1,2,1,0,0,254.545,100,50,349.091,17,32,17,17,17,187.764,50,50,90.437
3,0,0,1,0,0,0,0,2,37,6,0,27,1,5,2,3,0,0,0,0,0,0,0,1,0,0,0,0,0,0,0,212.426,100,62,134.565,20,20,20,20,20,170.753,38,62,46.016
3,0,0,1,0,0,0,0,2,38,7,0,20,3,1,4,6,0,0,0,0,0,0,0,0,0,0,0,0,0,0,0,250.017,100,66,212.204,5,50,40,5,0,73.235,5,95,65.829
3,0,0,1,0,0,0,0,2,39,9,0,26,1,3,6,1,0,0,0,0,0,0,0,1,0,0,0,0,0,0,0,238.781,100,65,177.671,30,30,30,10,0,127.797,35,65,42.75
3,0,0,1,0,0,0,0,2,40,10,1,24,0,5,2,8,5,7,7,7,5,5,5,5,5,5,0,5,5,0,0,456.952,100,62,193.522,0,0,0,50,50,17.454,65,35,74.205
3,0,0,1,0,0,0,0,2,41,11,1,23,1,5,5,2,0,0,0,0,0,0,0,0,2,2,2,2,2,0,3,218.531,100,60,120.843,20,20,20,20,20,24.406,40,60,34.797
3,0,0,1,0,0,0,0,2,42,12,1,29,1,5,4,4,1,1,1,1,1,1,1,1,3,1,1,1,1,1,0,333.469,100,44,194.953,10,60,10,10,10,40.671,10,90,46.516
3,0,0,1,0,0,0,0,2,43,13,1,21,1,3,3,2,0,0,0,0,0,0,0,0,0,0,0,0,0,0,0,147.833,100,62,93.8,15,30,30,15,10,115.175,38,62,83.597
3,0,0,1,0,0,0,0,2,44,14,1,23,3,5,7,1,0,0,0,0,0,0,0,0,3,3,2,3,3,0,0,194.046,100,50,139.438,25,40,15,10,10,27.781,60,40,51.062
3,0,0,1,0,0,0,0,2,45,15,1,25,1,5,2,5,0,0,0,0,0,0,0,0,1,1,0,1,1,0,0,194.09,100,50,92.53,20,20,20,20,20,33.297,50,50,34.031
3,0,0,1,0,0,0,0,2,46,16,1,22,0,5,3,2,0,0,0,0,0,0,0,0,2,2,2,2,2,1,0,229.437,100,63,35.016,10,25,30,25,10,92.985,30,70,21.078
3,0,0,1,0,0,0,0,2,47,17,0,20,2,2,8,2,0,0,0,0,0,0,0,0,2,2,0,3,2,0,0,215.877,100,45,228.705,70,30,0,0,0,51.438,0,100,55.313
3,0,0,1,0,0,0,0,2,48,18,0,23,0,1,3,4,0,0,0,0,0,0,0,0,1,0,0,0,0,0,0,220.956,100,59,80.923,20,20,20,20,20,75.33,41,59,90.001
3,0,0,1,0,0,0,0,2,49,19,1,21,0,3,1,3,0,0,0,0,0,0,0,0,1,1,0,1,1,0,0,215.757,100,50,141.707,10,20,40,20,10,57.252,50,50,31.297
3,0,0,1,0,0,0,0,2,50,20,1,20,3,2,4,3,0,0,0,0,0,0,0,0,3,2,0,2,2,0,0,136.597,100,62,334.149,14,24,24,24,14,44.329,24,76,56.658
3,0,0,1,0,0,0,0,2,51,21,0,23,1,3,6,2,0,0,0,1,0,0,0,0,4,3,3,5,5,0,0,294.806,100,35,293.556,10,20,30,20,20,58.362,20,80,41.236
3,0,0,1,0,0,0,0,2,52,22,1,23,2,2,3,5,0,0,0,0,0,0,0,0,1,1,0,1,1,0,0,211.581,100,46,236.831,20,20,20,20,20,58.032,54,46,61.079
3,0,0,1,0,0,0,0,2,53,23,0,21,1,5,4,1,0,0,0,0,0,0,0,0,1,1,0,1,1,0,0,196.22,100,45,33.875,15,20,30,20,15,44.297,75,25,17.641
3,0,0,1,0,0,0,0,2,54,24,1,21,1,1,2,0,0,0,0,0,0,0,0,0,1,1,0,1,1,0,0,143.626,100,50,95.298,20,20,20,20,20,28.454,50,50,14.672
3,0,0,1,0,0,0,0,2,55,25,1,21,1,3,3,2,0,0,0,0,0,0,0,0,0,0,0,2,0,0,0,336.132,100,76,114.393,20,20,20,20,20,98.033,24,76,57.532
3,0,0,1,0,0,0,0,2,56,26,0,19,2,1,6,0,0,0,0,0,0,0,0,0,0,0,0,0,0,0,0,217.42,100,50,95.781,10,20,40,20,10,107.233,50,50,45.172
3,0,0,1,0,0,0,0,2,57,27,1,22,2,3,8,2,0,0,0,0,0,0,0,0,0,0,0,1,0,0,2,288.795,100,37,299.217,0,40,45,15,0,136.186,70,30,98.859
3,0,0,1,0,0,0,0,2,58,28,1,19,2,4,6,3,5,5,5,5,5,5,5,5,4,3,3,3,3,0,0,354.678,100,58,121.159,20,10,10,40,20,46.579,35,65,43.642
3,0,0,1,0,0,0,0,2,59,29,0,19,2,3,8,1,0,0,0,0,0,0,0,0,1,1,0,1,1,0,0,211.625,100,42,71.015,20,20,20,20,20,56.062,57,43,88.25
3,0,0,1,0,0,0,0,2,60,30,1,21,1,2,7,8,1,0,0,0,1,1,1,0,0,0,0,0,0,0,0,473.044,100,55,169.562,10,40,22,18,10,88.281,50,50,33.843
3,0,0,1,0,0,0,0,2,61,31,1,21,2,1,5,4,0,0,0,0,0,0,0,0,1,1,0,0,0,0,1,217.017,100,42,312.799,20,30,20,20,10,88.969,58,42,111.657
3,0,0,1,0,0,0,0,2,62,32,0,24,1,5,2,2,0,0,0,0,0,0,0,0,3,2,1,2,2,0,0,197.33,100,65,431.474,20,20,20,20,20,63.47,50,50,21.672
1,1,0,0,0,0,0,0,3,63,1,1,25,1,5,4,5,0,0,0,0,0,0,0,0,1,1,0,1,1,1,0,473.87,100,60,193.534,0,5,40,45,10,270.909,40,60,93.954
1,1,0,0,0,0,0,0,3,64,2,1,21,0,5,3,3,0,0,0,0,0,0,0,0,0,1,0,0,1,0,0,208.427,100,60,252.864,0,10,60,30,0,64.423,40,60,39.376
1,1,0,0,0,0,0,0,3,65,3,1,25,1,3,3,6,0,0,0,0,0,0,0,0,0,1,0,1,1,0,0,228.055,100,70,309.151,20,20,20,20,20,84.705,29,71,74.064
1,1,0,0,0,0,0,0,3,66,4,0,31,1,5,6,5,0,0,0,0,0,0,0,0,0,0,0,0,0,0,0,151.82,100,50,196.008,0,50,50,0,0,103.535,35,65,31.814
1,1,0,0,0,0,0,0,3,67,5,0,20,1,5,8,6,0,0,0,0,1,0,0,0,2,2,1,2,2,0,0,476.611,100,30,109.765,40,25,20,10,5,67.609,40,60,14.953
1,1,0,0,0,0,0,0,3,68,6,1,22,0,3,4,2,0,0,0,0,0,0,0,0,0,0,0,0,0,0,0,184.647,100,48,151.286,10,31,35,14,10,114.706,57,43,51.236
1,1,0,0,0,0,0,0,3,69,7,0,18,0,3,3,2,0,0,0,0,0,0,0,0,1,1,5,1,10,0,0,290.237,100,70,95.625,5,25,40,25,5,140.86,30,70,39.656
1,1,0,0,0,0,0,0,3,70,8,1,22,1,1,2,6,0,0,0,0,0,0,0,0,1,1,1,1,4,0,0,248.625,100,72,161.914,5,12,20,50,13,67.003,30,70,71.989
1,1,0,0,0,0,0,0,3,71,9,1,18,2,3,7,1,0,0,0,0,0,0,0,0,2,0,0,0,0,0,0,241.203,100,55,92.047,20,20,20,20,20,23.625,45,55,50.219
1,1,0,0,0,0,0,0,3,72,10,1,23,3,3,3,7,0,0,0,2,0,0,0,3,4,0,0,0,0,0,0,285.824,100,65,108.66,30,30,30,5,5,72.877,65,35,94.034
1,1,0,0,0,0,0,0,3,73,11,1,25,1,1,3,2,0,0,0,0,0,0,0,0,1,0,1,0,0,0,0,208.437,100,40,162.61,5,20,30,30,15,115.421,40,60,58.344
1,1,0,0,0,0,0,0,3,74,12,1,25,1,2,3,6,0,0,0,0,0,0,0,0,0,0,0,0,0,0,0,196.688,100,67,151.579,2,10,25,48,15,183.953,25,75,122.297
1,1,0,0,0,0,0,0,3,75,13,1,25,1,1,5,1,0,0,0,0,0,0,0,0,0,1,0,0,0,0,0,207.432,100,40,119.239,10,25,30,30,5,93.159,60,40,15.828
1,1,0,0,0,0,0,0,3,76,14,1,20,1,3,5,7,0,0,1,0,0,0,0,0,0,0,0,2,0,0,0,462.75,100,51,284.485,20,20,20,20,20,97.031,50,50,80.203
1,1,0,0,0,0,0,0,3,77,15,0,21,1,5,3,5,0,0,0,0,0,0,0,0,1,0,0,0,0,0,0,222.559,100,60,552.802,0,0,100,0,0,117.747,0,100,48.077
1,1,0,0,0,0,0,0,3,78,16,0,20,1,5,3,5,0,0,0,0,0,0,0,0,0,0,0,0,0,0,0,162.11,100,45,147,5,43,22,18,12,150,35,65,67.984
1,1,0,0,0,0,0,0,3,79,17,0,27,3,3,7,6,0,0,0,0,0,0,0,0,2,3,3,3,3,0,0,205.785,100,50,552.301,10,30,30,20,10,55.876,40,60,28.125
1,1,0,0,0,0,0,0,3,80,18,1,23,4,3,6,3,0,0,0,0,0,0,0,0,1,1,0,1,1,0,0,125.877,100,45,64.22,10,20,30,20,20,43.282,55,45,43.532
1,1,0,0,0,0,0,0,3,81,19,1,21,1,4,5,9,0,0,0,0,0,0,0,0,0,0,0,0,0,0,0,394.188,100,50,153.881,20,20,20,20,20,132.723,49,51,29.329
1,1,0,0,0,0,0,0,3,82,20,1,22,0,3,4,8,0,0,0,2,0,0,0,0,5,6,0,7,8,0,0,319.777,100,25,75.987,17,21,27,18,17,159.629,75,25,94.393
1,1,0,0,0,0,0,0,3,83,21,1,28,2,1,5,1,0,0,0,0,0,0,0,0,0,0,0,0,0,0,0,205.603,100,44,247.775,20,20,20,20,20,87.549,56,44,55.923
1,1,0,0,0,0,0,0,3,84,22,1,19,0,3,2,3,0,0,1,0,0,0,0,0,0,0,0,0,0,0,0,178.317,100,42,609.293,20,35,10,20,15,72.579,30,70,43.438
1,1,0,0,0,0,0,0,3,85,23,1,22,0,5,7,6,0,0,0,0,0,0,0,0,0,0,0,0,0,0,0,342.284,100,67,386.018,0,5,45,47,3,179.361,25,75,206.22
1,1,0,0,0,0,0,0,3,86,24,1,47,1,5,10,8,4,4,0,4,4,4,4,4,5,0,0,0,0,0,0,753.63,100,21,179.72,5,10,25,40,20,215.017,60,40,40.516
1,1,0,0,0,0,0,0,3,87,25,1,25,1,3,4,3,0,0,0,0,0,0,0,0,0,0,0,0,0,0,0,539.76,100,50,121.236,20,20,20,20,20,266.662,20,80,85.33
1,1,0,0,0,0,0,0,3,88,26,1,25,1,5,5,5,0,0,0,0,0,0,0,0,0,0,0,0,0,0,0,426.888,100,60,189.905,0,0,50,50,0,154.764,50,50,119.874
1,1,0,0,0,0,0,0,3,89,27,1,19,3,3,7,2,0,0,0,0,0,0,0,0,2,2,2,2,2,2,0,268.28,100,52,89.796,15,30,40,10,5,77.469,45,55,64.124
1,1,0,0,0,0,0,0,3,90,28,1,19,1,5,8,6,0,0,0,0,0,0,0,0,0,3,0,3,0,0,0,318.896,100,34,92.314,20,20,20,20,20,145.737,50,50,56.267
1,1,0,0,0,0,0,0,3,91,29,1,20,6,3,6,8,0,0,0,0,0,0,0,0,0,0,1,0,0,0,0,165.187,100,69,223.172,0,20,25,40,15,77.079,35,65,57.5
1,1,0,0,0,0,0,0,3,92,30,1,21,2,5,7,8,0,0,0,0,0,0,0,0,0,0,0,0,0,0,0,163.046,100,35,284.967,20,25,20,20,15,91.984,50,50,28.891
1,1,0,0,0,0,0,0,3,93,31,1,20,1,3,8,5,0,0,0,0,0,0,0,2,0,1,0,0,0,0,0,219.689,100,51,83.485,5,20,50,20,5,72.047,49,51,113.017
1,1,0,0,0,0,0,0,3,94,32,1,20,0,5,5,3,0,0,0,0,0,0,0,0,0,0,1,0,0,0,0,160.176,100,50,112.049,5,20,50,20,5,84.048,50,50,46.032
1,1,0,0,0,0,0,0,4,95,1,0,24,0,2,6,8,0,0,0,0,0,0,0,0,2,2,2,2,2,0,0,268.331,100,50,82.751,10,20,40,20,10,32.5,50,50,35.017
1,1,0,0,0,0,0,0,4,96,2,1,22,3,5,3,6,0,0,0,0,0,0,0,0,1,1,2,1,1,0,0,282.457,100,45,34.86,10,30,25,25,10,45.704,50,50,31.313
1,1,0,0,0,0,0,0,4,97,4,1,21,1,5,8,5,0,2,2,2,0,0,0,2,0,0,0,0,0,0,3,390.044,100,37,47.173,10,30,20,30,10,47.111,63,37,36.501
1,1,0,0,0,0,0,0,4,98,5,1,20,0,3,6,3,0,0,2,0,0,0,0,0,7,7,2,7,12,0,0,290.217,100,55,60.046,5,20,50,20,5,74.327,45,55,15.89
1,1,0,0,0,0,0,0,4,99,7,0,19,1,4,6,6,0,0,0,0,0,0,0,0,3,3,3,3,3,0,0,184.298,100,50,125.329,30,40,15,10,5,87.188,20,80,63.454
1,1,0,0,0,0,0,0,4,100,8,1,18,2,3,7,1,0,0,0,0,0,0,0,0,2,2,0,2,2,0,0,231.656,100,40,151.891,14,28,24,20,14,190.39,50,50,60.609
1,1,0,0,0,0,0,0,4,101,9,0,23,1,5,6,1,2,2,2,2,3,3,3,3,3,3,1,3,5,0,0,296.625,100,50,191.062,10,30,50,10,0,86.062,50,50,63.516
1,1,0,0,0,0,0,0,4,102,12,0,18,0,5,8,3,0,0,0,0,0,0,0,0,1,1,0,0,0,0,0,139.313,100,80,30.546,10,25,30,25,10,30.078,20,80,46.563
1,1,0,0,0,0,0,0,4,103,13,1,19,3,5,2,1,0,0,0,0,0,0,0,0,2,2,1,2,2,0,0,261.915,100,50,170.49,20,20,20,20,20,44.923,50,50,28.392
1,1,0,0,0,0,0,0,4,104,14,1,19,0,5,3,4,3,3,3,3,3,3,3,3,0,0,0,0,0,2,0,426.203,100,55,147.453,0,5,55,35,5,158.672,41,59,82.562
1,1,0,0,0,0,0,0,4,105,15,1,19,0,3,6,1,0,0,0,0,0,0,0,0,2,2,2,2,2,0,0,309.557,100,56,92.42,20,30,20,20,10,90.326,50,50,22.296
1,1,0,0,0,0,0,0,4,106,16,0,22,3,3,2,8,0,0,0,0,0,0,0,0,1,0,0,0,0,0,0,312.25,100,60,108.985,10,20,40,30,0,66.109,40,60,57.672
1,1,0,0,0,0,0,0,4,107,17,1,19,0,5,1,5,0,0,0,0,0,0,0,0,2,2,2,2,2,0,0,321.971,100,50,181.595,5,20,30,30,15,163.626,50,50,67.735
1,1,0,0,0,0,0,0,4,108,18,0,23,4,3,2,3,0,0,0,0,0,0,0,0,0,0,0,0,0,0,0,138.018,100,33,48.235,20,20,20,20,20,158.095,67,33,58.344
1,1,0,0,0,0,0,0,4,109,19,1,21,3,3,7,5,0,1,1,1,0,0,0,2,1,1,0,1,1,0,0,304.729,100,48,92.331,20,20,20,20,20,34.783,80,20,44.767
1,1,0,0,0,0,0,0,4,110,20,0,20,2,0,5,5,0,0,0,0,0,0,0,0,0,1,0,2,2,0,0,133.097,100,60,239.6,0,0,0,50,50,87.861,50,50,77.064
1,1,0,0,0,0,0,0,4,111,21,0,24,1,1,3,1,0,0,1,0,0,0,0,0,2,2,0,2,2,0,0,190.537,100,65,239.804,20,20,20,20,20,44.283,35,65,25.735
1,1,0,0,0,0,0,0,4,112,22,1,19,1,3,3,8,0,0,0,0,0,0,0,0,2,2,0,2,2,0,0,219.112,100,69,506.398,20,20,20,20,20,15.735,31,69,26.438
1,1,0,0,0,0,0,0,4,113,23,0,23,2,5,2,2,0,0,0,0,0,0,0,0,0,0,0,0,1,0,0,130.813,100,55,401.331,12,25,26,25,12,98.672,45,55,74.954
1,1,0,0,0,0,0,0,4,114,24,0,27,0,5,8,2,0,2,0,0,0,0,0,0,1,1,0,2,1,0,0,159.58,100,42,122.532,0,50,30,20,0,60.766,58,42,120.672
1,1,0,0,0,0,0,0,4,115,25,1,26,0,3,7,3,0,0,0,0,0,0,0,0,2,2,2,2,2,2,0,239.973,100,60,188.566,5,30,30,25,10,111.127,30,70,45.547
1,1,0,0,0,0,0,0,4,116,26,1,25,2,4,9,5,0,0,0,0,0,0,0,0,0,0,1,0,0,0,0,449.935,100,30,78.312,10,30,30,20,10,158.467,60,40,57.718
1,1,0,0,0,0,0,0,4,117,27,1,24,2,5,3,3,0,0,0,0,0,0,0,0,1,1,0,1,2,0,1,368.732,100,67,232.967,10,10,50,30,0,124.265,30,70,80.187
1,1,0,0,0,0,0,0,4,118,28,0,29,0,2,8,1,0,0,0,0,0,0,0,0,0,0,0,0,0,0,0,114.674,100,40,223.535,10,20,29,28,13,200.879,60,40,28.344
1,1,0,0,0,0,0,0,4,119,29,0,21,3,5,5,0,0,0,0,0,0,0,0,0,4,4,2,5,5,0,0,291.329,100,70,128.891,20,20,20,20,20,90.156,70,30,75.281
1,1,0,0,0,0,0,0,4,120,30,1,21,1,2,7,4,0,0,0,0,0,0,0,0,1,1,0,1,1,0,0,279.249,100,38,340.794,15,35,15,20,15,55.624,60,40,127.421
1,1,0,0,0,0,0,0,4,121,31,1,22,1,5,5,1,0,0,0,0,0,0,0,0,2,2,1,2,3,0,0,259.674,100,50,127.439,20,15,30,20,15,46.531,50,50,26.735
1,1,0,0,0,0,0,0,4,122,32,1,19,1,3,1,6,0,0,0,0,0,0,0,0,1,1,0,1,1,0,0,164.189,100,55,270.582,20,20,20,20,20,26.266,45,55,36.578
2,0,1,0,0,0,0,0,5,123,1,0,22,0,0,3,5,0,0,0,0,0,0,0,0,1,1,0,1,1,0,0,150.095,100,60,79.665,5,25,40,25,5,128.533,30,70,60.047
2,0,1,0,0,0,0,0,5,124,2,1,25,2,5,7,5,0,0,0,0,0,0,0,0,0,0,0,0,0,0,0,398.022,100,20,49.031,45,30,19,5,1,109.924,55,45,74.157
2,0,1,0,0,0,0,0,5,125,3,0,26,1,5,7,0,0,0,0,0,0,0,0,0,1,1,0,1,1,0,0,118.557,100,50,68.816,20,20,20,20,20,13.297,50,50,29.188
2,0,1,0,0,0,0,0,5,126,4,0,22,0,2,3,2,0,0,0,0,0,0,0,0,1,2,0,1,1,0,0,199.315,100,61,111.162,0,10,60,20,10,62.61,50,50,46.001
2,0,1,0,0,0,0,0,5,127,5,1,23,1,5,6,1,1,1,1,1,1,1,1,1,0,0,0,0,0,0,0,251.122,100,55,131.655,20,20,20,20,20,71.516,45,55,35
2,0,1,0,0,0,0,0,5,128,6,0,26,1,1,5,2,0,0,0,0,0,0,0,0,1,0,0,1,0,0,0,237.462,100,50,91.987,0,50,50,0,0,80.875,50,50,20.657
2,0,1,0,0,0,0,0,5,129,7,1,24,1,2,6,7,0,0,0,0,0,0,0,0,3,3,0,3,3,4,0,373.432,100,58,108.782,0,20,30,35,15,123.495,50,50,50.076
2,0,1,0,0,0,0,0,5,130,8,1,23,1,5,2,1,0,0,0,0,0,1,0,0,0,0,0,0,0,0,0,324.677,100,42,387.893,12,18,43,20,7,119.188,60,40,64.063
2,0,1,0,0,0,0,0,5,131,9,1,22,2,3,1,0,0,0,0,0,0,0,0,0,4,5,0,3,4,0,0,135.609,100,51,31.234,20,20,20,20,20,60.715,49,51,40.716
2,0,1,0,0,0,0,0,5,132,10,1,20,0,3,7,2,0,0,0,0,0,0,0,1,0,0,0,0,0,0,0,164.043,100,55,230.165,5,30,35,25,5,82.379,45,55,29.142
2,0,1,0,0,0,0,0,5,133,11,1,27,2,2,7,2,0,4,4,4,0,2,0,5,2,11,0,12,2,0,0,449.925,100,42,31.015,10,35,25,15,15,89.579,60,40,16.544
2,0,1,0,0,0,0,0,5,134,12,0,20,2,0,8,0,1,1,1,1,1,1,1,1,1,1,0,3,1,0,0,173.699,100,51,48.959,20,20,20,20,20,31.812,49,51,37.469
2,0,1,0,0,0,0,0,5,135,13,1,22,1,3,4,3,0,0,0,0,0,0,0,0,0,0,0,0,0,0,0,374.206,100,53,38.548,5,35,45,10,5,87.922,45,55,65.078
2,0,1,0,0,0,0,0,5,136,14,0,20,3,0,9,0,0,0,0,2,0,0,0,3,8,0,0,7,0,0,0,366.023,100,51,76.563,3,41,41,12,3,159.55,7,93,192.771
2,0,1,0,0,0,0,0,5,137,15,0,22,2,2,4,2,0,0,0,0,0,0,0,0,1,1,0,2,1,0,0,245.051,100,60,81.763,5,45,30,12,8,70.652,20,80,95.573
2,0,1,0,0,0,0,0,5,138,16,1,26,1,3,3,4,1,0,0,0,0,0,0,4,5,5,5,6,5,0,0,189.426,100,60,30.844,5,15,30,40,10,60.732,50,50,22.265
2,0,1,0,0,0,0,0,5,139,17,0,26,1,5,4,4,0,0,0,0,0,0,0,0,2,0,0,0,0,0,0,305.334,100,51,137.283,20,20,20,20,20,192.928,51,49,128.138
2,0,1,0,0,0,0,0,5,140,18,1,20,2,3,6,2,0,0,0,0,0,0,0,0,2,3,0,3,1,0,0,163.383,100,60,62.986,5,35,35,20,5,34.702,40,60,26.733
2,0,1,0,0,0,0,0,5,141,19,0,20,1,0,3,1,0,0,0,0,0,0,0,0,0,0,0,0,0,0,0,77.757,100,60,217.478,0,5,70,25,0,49.376,40,60,35.406
2,0,1,0,0,0,0,0,5,142,20,0,27,3,5,7,1,0,0,0,0,0,0,0,0,2,2,0,2,3,0,0,256.12,100,51,21.297,10,30,20,30,10,74.969,49,51,38.359
2,0,1,0,0,0,0,0,5,143,21,0,25,1,5,7,1,1,0,0,0,1,1,1,0,2,2,0,2,2,0,0,537.932,100,66,64.227,20,20,20,20,20,61.778,33,67,41.592
2,0,1,0,0,0,0,0,5,144,22,1,19,2,2,3,1,0,0,0,0,0,0,0,0,0,0,0,0,0,0,0,245.115,100,51,193.44,20,20,20,20,20,59.798,50,50,29.907
2,0,1,0,0,0,0,0,5,145,23,0,22,1,3,2,2,14,0,0,0,14,14,14,0,8,8,0,8,8,0,0,396.798,100,60,102.094,20,20,20,20,20,49.961,40,60,31.291
2,0,1,0,0,0,0,0,5,146,25,1,19,0,5,5,5,0,0,0,0,0,0,0,0,2,3,1,3,3,0,0,237.557,100,31,130.332,23,30,23,16,8,156.564,50,50,42.563
2,0,1,0,0,0,0,0,5,147,26,1,19,2,5,5,7,0,0,0,0,0,0,0,0,0,0,0,0,0,0,1,183.901,100,55,151.327,20,20,20,20,20,97.188,55,45,56.844
2,0,1,0,0,0,0,0,5,148,27,0,22,1,4,7,3,0,0,0,0,0,0,0,0,1,2,0,1,1,0,0,198.512,100,46,135.984,33,31,16,12,8,129.609,54,46,39.781
2,0,1,0,0,0,0,0,5,149,28,1,21,1,4,7,4,0,0,0,0,0,0,0,0,0,0,0,0,0,0,0,315.682,100,87,343.871,25,17,16,17,25,288.99,10,90,224.145
2,0,1,0,0,0,0,0,5,150,30,1,27,3,5,5,2,0,0,0,0,0,0,0,0,2,2,1,2,2,0,0,243.776,100,51,51.968,10,10,50,19,11,56.625,50,50,50.718
2,0,1,0,0,0,0,0,5,151,31,1,24,2,0,6,1,0,0,0,0,0,0,0,0,0,0,0,0,0,0,0,189.076,100,51,83.168,10,20,40,20,10,32.188,50,50,57.501
2,0,1,0,0,0,0,0,5,152,32,0,23,4,3,8,2,0,0,0,0,0,0,0,0,0,4,0,2,0,0,0,375.163,100,59,149.595,10,10,50,15,15,101.372,30,70,14.937
2,0,1,0,0,0,0,0,6,153,1,1,23,3,3,3,7,0,0,0,0,0,0,0,0,4,4,0,4,4,1,1,470.467,100,36,77.123,20,20,20,20,20,54.27,50,50,28.526
2,0,1,0,0,0,0,0,6,154,3,1,24,1,3,4,5,0,0,0,0,0,0,0,0,1,1,0,1,1,0,0,225.588,100,62,68.686,20,20,20,20,20,34.044,38,62,34.559
2,0,1,0,0,0,0,0,6,155,4,1,24,1,3,3,0,0,0,0,0,0,0,0,0,0,0,0,0,0,0,0,164.449,100,70,54.556,20,20,20,20,20,36.935,0,100,35.404
2,0,1,0,0,0,0,0,6,156,5,0,31,3,3,6,3,3,0,0,0,3,4,4,0,1,1,0,1,1,0,5,334.252,100,59,337.297,10,35,40,10,5,119.839,41,59,67.429
2,0,1,0,0,0,0,0,6,157,6,0,32,2,3,5,0,0,0,0,0,0,0,0,0,1,1,0,2,1,0,0,177.532,100,90,81.599,0,0,0,35,65,82.889,30,70,96.159
2,0,1,0,0,0,0,0,6,158,8,1,23,0,3,6,1,0,0,0,0,0,0,0,0,1,1,0,1,1,0,0,194.821,100,65,56.322,5,20,50,20,5,48.111,35,65,37.857
2,0,1,0,0,0,0,0,6,159,9,1,22,0,3,3,4,0,0,0,0,0,0,0,0,0,0,0,0,0,0,0,153.027,100,41,127.827,20,20,20,20,20,38.043,50,50,67.155
2,0,1,0,0,0,0,0,6,160,10,0,23,0,2,6,5,0,0,0,0,0,0,0,0,0,0,0,0,0,0,0,205.969,100,56,233.186,10,15,35,30,10,80.435,37,63,114.634
2,0,1,0,0,0,0,0,6,161,11,1,22,1,3,6,2,0,0,0,0,0,0,0,0,4,2,1,2,2,0,0,368.639,100,42,54.565,20,20,20,20,20,41.109,50,50,44.931
2,0,1,0,0,0,0,0,6,162,12,0,23,3,5,8,5,0,0,0,0,0,0,0,0,1,1,0,1,1,0,0,130.934,100,60,41.097,0,0,40,60,0,26.885,25,75,35.06
2,0,1,0,0,0,0,0,6,163,13,1,22,4,5,5,6,0,0,3,0,0,0,0,0,6,5,0,5,5,0,0,446.082,100,40,43.83,5,35,30,20,10,48.174,65,35,38.357
2,0,1,0,0,0,0,0,6,164,14,0,19,0,5,4,0,0,0,0,0,0,0,0,0,0,0,0,0,0,0,0,175.64,100,50,58.666,10,25,30,25,10,88.233,50,50,45.437
2,0,1,0,0,0,0,0,6,165,15,1,23,0,5,2,2,0,1,1,1,0,0,0,2,0,0,0,0,0,0,0,252.841,100,30,91.442,10,20,40,20,10,55.847,80,20,16.756
2,0,1,0,0,0,0,0,6,166,16,1,20,1,3,4,2,0,0,0,0,0,0,0,0,1,1,0,1,1,0,0,143.938,100,45,60.464,20,20,20,20,20,51.049,55,45,36.654
2,0,1,0,0,0,0,0,6,167,17,0,24,1,5,8,4,0,10,11,12,0,0,0,13,16,16,0,16,16,0,0,601.257,100,69,84.92,0,33,33,33,1,75.854,30,70,56.848
2,0,1,0,0,0,0,0,6,168,18,0,20,1,5,5,5,0,0,0,0,0,0,0,0,0,0,0,0,0,0,0,255.598,100,40,399.508,20,20,20,20,20,88.015,60,40,81.512
2,0,1,0,0,0,0,0,6,169,19,1,26,0,3,3,8,0,0,0,0,0,0,0,1,2,1,0,0,0,0,0,358.03,100,65,72.434,10,25,25,30,10,76.308,35,65,72.76
2,0,1,0,0,0,0,0,6,170,20,1,18,1,3,3,4,1,0,0,0,1,1,1,0,0,0,0,0,0,0,0,230.478,100,50,112.827,10,20,20,30,20,63.413,50,50,44.313
2,0,1,0,0,0,0,0,6,171,21,1,19,2,3,3,8,0,0,0,0,0,0,0,0,0,0,0,0,0,0,0,182.598,100,60,279.676,0,0,0,50,50,68.728,40,60,88.828
2,0,1,0,0,0,0,0,6,172,22,1,21,1,3,2,5,0,0,0,0,0,0,0,0,0,0,0,0,0,0,0,176.547,100,53,167.538,0,15,50,35,0,127.669,48,52,86.373
2,0,1,0,0,0,0,0,6,173,23,1,22,0,0,8,2,0,0,0,0,0,0,0,0,0,0,0,0,0,0,0,210.71,100,23,79.999,10,45,15,10,20,81.979,30,70,44.904
2,0,1,0,0,0,0,0,6,174,24,0,48,2,5,8,2,0,0,0,0,0,0,0,0,0,0,0,0,0,0,0,217.255,100,81,44.704,1,2,7,20,70,38.514,65,35,83.608
2,0,1,0,0,0,0,0,6,175,25,1,21,2,4,6,3,0,0,0,0,0,0,0,0,0,0,0,0,0,0,0,206.407,100,65,48.641,2,20,42,34,2,76.293,36,64,67.657
2,0,1,0,0,0,0,0,6,176,27,0,27,1,2,5,2,0,0,0,0,0,0,0,0,0,0,0,0,0,0,0,253.113,100,50,238.214,20,20,20,20,20,39.482,50,50,33.293
2,0,1,0,0,0,0,0,6,177,28,0,23,0,5,5,7,0,0,0,0,0,0,0,0,1,1,1,2,1,0,0,609.351,100,68,69.182,0,15,25,40,20,75.575,50,50,26.525
2,0,1,0,0,0,0,0,6,178,29,1,24,1,5,7,7,0,0,0,0,0,0,0,0,2,1,0,1,1,0,0,249.815,100,55,80.986,0,0,50,50,0,38.326,50,50,44.077
2,0,1,0,0,0,0,0,6,179,30,0,24,1,3,5,3,0,0,0,0,0,0,0,0,0,0,0,0,0,0,0,201.572,100,65,99.545,5,15,30,35,15,83.98,34,66,49.612
2,0,1,0,0,0,0,0,6,180,31,0,24,1,3,6,0,0,0,0,0,0,0,0,0,0,0,0,0,0,0,0,139.064,100,65,72.424,20,20,20,20,20,53.082,35,65,71.823
2,0,1,0,0,0,0,0,6,181,32,0,25,1,5,1,1,0,0,0,0,0,0,0,0,1,1,0,1,1,0,0,127.854,100,85,82.913,20,20,20,20,20,22.883,14,86,49.658
4,0,0,0,1,0,0,0,7,182,1,0,21,1,3,3,0,0,0,0,0,0,0,0,0,1,1,0,2,1,0,0,83.586,80,50,185.058,10,20,40,20,10,48.625,50,50,59.116
4,0,0,0,1,0,0,0,7,183,2,0,22,1,5,3,2,0,0,0,0,0,0,0,0,4,4,2,4,4,0,0,555.689,80,56,98.752,0,50,50,0,0,24.989,30,70,60.918
4,0,0,0,1,0,0,0,7,184,3,1,25,1,5,4,7,0,0,0,0,0,0,0,0,4,6,2,12,7,0,0,557.899,80,55,104.24,1,15,40,34,10,81.46,45,55,36.524
4,0,0,0,1,0,0,0,7,185,4,1,21,0,5,4,3,0,0,0,0,0,0,0,0,3,4,2,5,4,0,0,332.878,80,45,245.351,10,30,30,20,10,154.618,55,45,129.211
4,0,0,0,1,0,0,0,7,186,5,1,25,2,1,5,3,0,0,0,0,0,0,0,0,3,1,0,3,1,0,0,513.577,80,60,91.741,0,2,8,42,48,111.141,40,60,43.404
4,0,0,0,1,0,0,0,7,187,6,1,32,0,2,3,9,0,2,2,2,0,0,0,6,5,4,0,4,4,0,0,503.42,80,30,192.729,20,20,20,20,20,65.991,20,80,35.82
4,0,0,0,1,0,0,0,7,188,7,0,27,1,5,8,0,0,0,0,0,0,0,0,0,1,1,1,1,1,0,2,126.678,80,40,329.843,20,20,20,20,20,98.919,60,40,24.573
4,0,0,0,1,0,0,0,7,189,8,0,26,1,4,5,6,0,0,0,0,0,0,0,0,3,5,0,4,4,0,0,477.789,80,50,82.051,20,25,40,15,0,69.643,50,50,17.465
4,0,0,0,1,0,0,0,7,190,9,1,22,2,2,7,2,0,9,9,9,0,0,0,9,6,4,0,7,7,0,0,736.581,80,30,125.582,50,20,10,10,10,44.904,50,50,39.379
4,0,0,0,1,0,0,0,7,191,10,0,23,1,4,9,3,0,0,0,0,0,0,0,0,3,3,0,3,3,0,0,395.714,80,43,53.191,0,50,50,0,0,69.828,0,100,36.305
4,0,0,0,1,0,0,0,7,192,11,0,23,1,0,7,0,0,0,0,0,0,0,0,0,1,1,0,1,1,0,0,111.643,80,50,78.273,20,20,20,20,20,13.766,50,50,16.076
4,0,0,0,1,0,0,0,7,193,12,1,20,1,1,4,3,0,0,0,0,0,0,0,0,1,1,0,1,1,0,0,148.973,80,40,43.935,20,20,20,20,20,18.856,50,50,16.324
4,0,0,0,1,0,0,0,7,194,13,0,23,3,1,7,5,0,0,0,0,0,0,0,0,0,0,0,0,0,0,0,115.844,80,40,149.79,25,25,17,17,16,116.375,40,60,39.661
4,0,0,0,1,0,0,0,7,195,14,1,21,2,3,4,1,0,0,0,0,0,0,0,0,1,2,0,3,3,0,0,187.511,80,50,50.538,20,20,20,20,20,83.175,50,50,24.115
4,0,0,0,1,0,0,0,7,196,15,1,22,3,5,7,4,0,8,6,6,0,0,0,6,10,10,4,10,10,0,1,730.933,80,54,204.034,0,40,40,20,0,66.284,70,30,67.315
4,0,0,0,1,0,0,0,7,197,16,0,26,2,2,2,2,0,0,0,0,0,0,0,0,4,4,1,4,4,0,0,306.153,80,40,279.854,8,43,39,10,0,164.983,49,51,41.606
4,0,0,0,1,0,0,0,7,198,17,1,21,0,5,4,2,0,0,0,0,0,0,0,0,1,1,1,1,1,0,0,145.245,80,42,183.688,10,10,30,40,10,44.811,58,42,57.999
4,0,0,0,1,0,0,0,7,199,18,1,22,2,4,10,7,0,0,0,0,0,0,0,0,4,4,0,4,4,0,0,447.642,80,29,311.067,20,35,10,15,20,32.037,50,50,14.682
4,0,0,0,1,0,0,0,7,200,19,1,23,0,4,7,3,2,0,0,0,0,0,0,0,6,6,0,6,6,0,0,568.852,80,55,355.886,5,45,50,0,0,146.955,35,65,47.781
4,0,0,0,1,0,0,0,7,201,20,1,22,0,4,5,8,0,0,0,0,0,0,0,0,2,3,0,1,3,0,0,142.484,80,45,57.531,20,20,20,20,20,23.724,60,40,48.166
4,0,0,0,1,0,0,0,7,202,21,0,22,0,4,9,4,0,0,0,0,0,0,0,0,5,6,0,4,3,0,0,155.103,80,30,52.41,100,0,0,0,0,19.966,0,100,18.45
4,0,0,0,1,0,0,0,7,203,22,1,24,2,3,3,2,0,0,0,0,0,0,0,0,4,4,0,4,4,0,0,249.505,80,35,136.975,10,40,40,10,0,80.443,50,50,33.916
4,0,0,0,1,0,0,0,7,204,23,1,22,0,3,7,3,0,0,0,0,0,0,0,0,1,1,0,1,1,0,0,193.036,80,44,282.907,10,10,40,30,10,44.186,40,60,25.425
4,0,0,0,1,0,0,0,7,205,24,0,34,0,1,7,4,0,0,0,0,0,0,0,0,9,9,1,11,9,0,0,489.79,80,46,94.834,0,0,60,40,0,57.328,50,50,42.797
4,0,0,0,1,0,0,0,7,206,25,0,35,0,1,5,0,0,0,0,0,0,0,0,0,6,6,1,6,6,0,0,416.549,80,30,205.669,25,55,10,5,5,121.166,20,80,85.658
4,0,0,0,1,0,0,0,7,207,26,0,24,0,2,5,2,0,0,0,0,0,0,0,0,2,1,0,2,2,0,0,112.639,80,30,97.593,20,20,20,20,20,29.17,70,30,92.694
4,0,0,0,1,0,0,0,7,208,27,1,20,2,4,1,8,0,0,0,0,0,0,0,0,1,1,0,1,1,0,1,813.229,80,48,75.837,20,30,50,0,0,136.769,53,47,55.376
4,0,0,0,1,0,0,0,7,209,28,0,25,2,5,6,4,0,0,0,0,0,0,0,0,2,2,0,2,2,0,0,383.513,80,44,156.132,10,20,30,20,20,59.413,55,45,41.276
4,0,0,0,1,0,0,0,7,210,29,1,24,0,3,7,5,0,0,0,0,0,0,0,0,2,0,0,0,0,1,0,518.868,80,25,128.189,10,30,30,20,10,35.178,60,40,44.356
4,0,0,0,1,0,0,0,7,211,30,0,29,1,2,7,2,0,0,0,0,0,0,0,0,1,1,0,1,1,0,1,218.348,80,30,53.002,25,25,25,25,0,52.582,37,63,75.213
4,0,0,0,1,0,0,0,7,212,31,1,23,0,2,4,8,0,0,0,0,0,0,0,0,2,2,0,2,2,0,0,230.541,80,37,377.84,10,50,10,20,10,44.545,50,50,46.452
4,0,0,0,1,0,0,0,7,213,32,1,21,5,1,3,4,0,0,0,0,0,0,0,0,2,3,0,3,3,0,0,185.234,80,55,170.876,10,25,30,25,10,56.58,45,55,29.921
5,0,0,0,0,1,0,0,8,214,1,0,24,4,5,7,0,0,0,0,0,0,0,0,0,0,0,0,0,0,0,0,223.567,60,22,159.714,35,35,15,10,5,164.326,65,35,55.724
5,0,0,0,0,1,0,0,8,215,2,1,17,1,5,7,4,0,0,0,0,0,0,0,0,2,2,0,2,1,0,0,204.777,60,35,193.851,10,10,30,30,20,90.854,70,30,60.731
5,0,0,0,0,1,0,0,8,216,3,0,31,2,4,4,2,0,0,0,1,0,0,0,1,2,2,0,2,2,0,0,200.711,60,30,67.326,45,40,10,5,0,109.072,70,30,28.331
5,0,0,0,0,1,0,0,8,217,4,1,23,2,3,9,3,0,0,0,0,0,0,0,0,0,0,0,0,0,0,0,363.585,60,35,141.563,0,15,35,45,5,113.67,65,35,58.617
5,0,0,0,0,1,0,0,8,218,6,0,23,6,4,7,9,0,0,0,0,0,0,0,1,5,6,0,4,3,0,0,411.586,60,50,333.545,45,50,5,0,0,64.571,50,50,24.473
5,0,0,0,0,1,0,0,8,219,7,1,25,1,5,2,5,0,0,0,0,0,0,0,1,1,1,0,1,2,0,0,235.798,60,25,97.857,25,50,25,0,0,73.173,65,35,44.398
5,0,0,0,0,1,0,0,8,220,8,1,24,0,5,4,1,0,0,0,0,0,0,0,0,1,2,0,2,2,0,0,98.159,60,35,146.762,20,20,20,20,20,31.949,65,35,31.746
5,0,0,0,0,1,0,0,8,221,9,1,19,1,4,3,1,0,0,1,2,0,0,0,3,4,4,0,4,4,0,0,206.133,60,42,107.71,25,25,20,15,15,59.186,50,50,62.619
5,0,0,0,0,1,0,0,8,222,10,0,23,0,3,3,9,0,0,0,0,0,0,0,1,3,3,0,3,2,0,0,332.125,60,33,216.909,20,20,20,20,20,103.005,67,33,37.493
5,0,0,0,0,1,0,0,8,223,11,0,26,2,4,4,0,0,0,0,0,0,0,0,1,0,0,0,0,0,0,0,89.402,60,38,202.419,20,20,20,20,20,42.064,62,38,42.594
5,0,0,0,0,1,0,0,8,224,12,0,26,2,5,3,1,0,1,1,1,0,0,0,1,0,0,0,0,0,0,0,253.213,60,35,90.341,20,70,10,0,0,24.594,70,30,36.712
5,0,0,0,0,1,0,0,8,225,13,1,22,0,3,5,6,0,0,0,0,1,1,1,2,0,0,0,0,0,0,0,292.514,60,35,264.293,0,20,70,10,0,35.649,70,30,43.547
5,0,0,0,0,1,0,0,8,226,14,1,27,0,3,6,2,0,0,0,0,0,0,2,0,1,0,0,0,0,0,0,257.592,60,42,251.428,0,42.5,42.5,10,5,100.671,50,50,51.756
5,0,0,0,0,1,0,0,8,227,15,0,26,2,3,8,4,0,0,0,0,0,0,0,0,3,3,0,3,3,0,0,302.094,60,25,96.578,20,20,20,20,20,57.31,76,24,45.386
5,0,0,0,0,1,0,0,8,228,16,0,21,1,5,8,4,0,0,1,1,0,0,0,2,3,4,0,5,5,0,0,193.767,60,20,359.797,10,20,30,10,30,68.091,60,40,24.015
5,0,0,0,0,1,0,0,8,229,17,1,21,0,5,6,1,0,0,0,0,0,0,0,0,0,1,0,0,0,0,0,195.395,60,40,150.788,10,10,30,25,25,42.173,60,40,44.17
5,0,0,0,0,1,0,0,8,230,19,0,22,1,3,2,7,0,0,1,2,0,0,0,4,5,7,0,6,7,0,0,155.975,60,30,47.375,10,20,40,20,10,23.171,70,30,76.706
5,0,0,0,0,1,0,0,8,231,21,0,22,4,3,6,5,0,0,0,0,0,0,0,0,4,1,0,1,2,0,0,309.409,60,40,166.111,20,60,20,0,0,75.206,60,40,45.812
5,0,0,0,0,1,0,0,8,232,22,0,27,1,4,7,6,0,0,0,0,0,0,0,0,0,1,0,1,0,0,0,388.09,60,30,95.114,20,20,20,20,20,93.257,70,30,116.903
5,0,0,0,0,1,0,0,8,233,23,0,22,0,5,4,7,0,5,7,9,0,0,0,10,11,12,0,13,13,0,0,340.548,60,45,187.513,0,10,30,40,20,60.684,59,41,58.014
5,0,0,0,0,1,0,0,8,234,24,0,26,2,5,3,1,0,0,1,1,0,0,0,1,16,13,0,5,3,0,0,284.893,60,30,34.728,15,20,30,20,15,34.322,65,35,48.572
5,0,0,0,0,1,0,0,8,235,25,1,23,2,3,4,2,0,0,0,0,0,0,0,0,3,3,0,3,3,0,0,375.814,60,35,177.902,25,25,20,15,15,46.262,65,35,39.301
5,0,0,0,0,1,0,0,8,236,26,0,30,1,1,5,0,0,0,0,0,0,0,0,0,0,0,1,0,0,0,0,159.432,60,41,253.202,20,20,20,20,20,182.063,59,41,46.808
5,0,0,0,0,1,0,0,8,237,27,0,22,2,3,5,2,0,0,0,0,0,0,0,0,0,0,0,0,0,0,0,287.585,60,50,94.894,0,0,20,40,40,85.686,50,50,24.535
5,0,0,0,0,1,0,0,8,238,28,0,24,0,2,5,5,0,0,2,2,0,0,0,2,3,3,0,3,3,0,0,222.456,60,40,63.213,0,0,0,100,0,58.929,60,40,47.265
5,0,0,0,0,1,0,0,8,239,29,0,20,1,5,6,2,0,7,3,0,0,0,0,0,11,12,0,13,15,0,0,420.51,60,40,90.963,7,23,40,23,7,71.513,55,45,60.006
5,0,0,0,0,1,0,0,8,240,30,1,23,1,5,1,2,0,0,1,1,0,0,0,1,2,2,0,2,2,0,0,185.511,60,30,93.957,20,20,20,20,20,54.314,60,40,87.387
5,0,0,0,0,1,0,0,8,241,31,1,23,1,1,2,5,1,1,1,1,4,4,4,1,6,6,2,6,6,0,0,964.316,60,10,172.519,20,20,20,20,20,104.146,90,10,55.177
5,0,0,0,0,1,0,0,8,242,32,1,23,1,3,3,1,0,0,1,1,0,0,0,1,0,0,0,0,0,0,0,238.601,60,38,89.185,20,20,20,20,20,43.671,38,62,32.762
5,0,0,0,0,1,0,0,9,243,1,0,30,0,3,8,6,0,0,1,1,0,0,0,4,5,6,0,6,6,0,0,253.151,60,30,125.583,20,30,30,10,10,46.797,50,50,76.531
5,0,0,0,0,1,0,0,9,244,2,1,28,3,5,2,1,0,0,0,0,0,0,0,0,1,0,0,0,1,0,0,167.271,60,50,89.641,15,35,35,15,0,53.658,50,50,29.501
5,0,0,0,0,1,0,0,9,245,3,0,21,2,4,2,6,0,0,2,2,0,0,0,4,1,1,2,1,1,0,0,183.372,60,40,136.759,0,25,50,25,0,93.236,60,40,64.22
5,0,0,0,0,1,0,0,9,246,6,1,24,0,5,8,5,0,0,0,0,0,0,0,0,1,1,0,1,1,0,0,230.045,60,41,57.719,20,20,20,20,20,29.954,60,40,56.252
5,0,0,0,0,1,0,0,9,247,7,0,27,2,3,3,6,12,13,13,13,12,14,14,14,6,6,2,11,6,0,0,862.993,60,50,113.313,25,25,25,25,0,67.689,20,80,54.283
5,0,0,0,0,1,0,0,9,248,8,0,24,1,5,1,1,3,11,6,12,9,9,9,14,8,17,0,18,19,0,1,509.441,60,19,186.373,60,10,10,10,10,44.277,50,50,17.123
5,0,0,0,0,1,0,0,9,249,9,1,25,1,3,2,6,2,2,2,2,2,2,2,2,5,5,0,5,5,6,0,830.209,60,48,33.703,0,40,60,0,0,31.89,50,50,11.125
5,0,0,0,0,1,0,0,9,250,11,0,25,0,3,4,6,0,12,13,14,0,0,0,15,3,3,0,3,2,0,0,515.672,60,30,228.51,5,30,30,30,5,135.911,65,35,68.042
5,0,0,0,0,1,0,0,9,251,12,1,21,1,5,6,7,0,0,0,0,0,0,0,0,0,1,0,0,0,0,0,282.549,60,20,169.054,5,15,60,15,5,179.851,79,21,64.346
5,0,0,0,0,1,0,0,9,252,14,1,23,1,3,2,5,0,0,0,0,0,0,0,1,2,2,0,2,2,0,0,223.408,60,20,53.335,20,20,20,20,20,12.798,80,20,47.97
5,0,0,0,0,1,0,0,9,253,15,1,22,1,1,3,2,0,0,1,1,0,0,0,1,2,0,0,0,0,0,0,235.442,60,40,161.736,20,20,40,15,5,62.279,60,40,91.95
5,0,0,0,0,1,0,0,9,254,17,0,23,0,5,6,3,0,0,0,0,0,0,0,0,0,0,0,0,0,0,0,164.555,60,40,248.484,20,20,20,20,20,61.564,60,40,59.142
5,0,0,0,0,1,0,0,9,255,19,0,24,3,2,7,2,3,0,2,2,4,4,0,5,7,6,3,6,6,0,0,330.347,60,38,187.435,5,40,40,10,5,76.487,62,38,41.002
5,0,0,0,0,1,0,0,9,256,20,0,22,1,2,5,5,0,0,5,5,0,0,8,20,14,12,5,20,11,0,0,449.157,60,45,161.657,5,10,60,20,5,119.038,60,40,56.168
5,0,0,0,0,1,0,0,9,257,21,1,23,2,2,7,0,0,7,7,7,0,0,0,7,1,1,0,1,1,0,0,370.195,60,30,97.92,5,30,40,15,10,61.098,50,50,28.439
5,0,0,0,0,1,0,0,9,258,22,1,20,2,5,5,7,0,0,0,1,0,0,0,0,2,1,0,1,1,0,2,296.971,60,30,196.23,30,25,20,15,10,96.095,30,70,178.691
5,0,0,0,0,1,0,0,9,259,23,0,22,0,2,6,0,0,0,0,0,0,0,0,0,1,1,0,1,1,0,0,285.84,60,40,125.191,20,20,20,20,20,25.188,60,40,46.078
5,0,0,0,0,1,0,0,9,260,24,0,23,1,4,5,0,0,0,0,0,0,0,0,1,0,0,0,0,0,0,0,175.593,60,35,140.325,0,55,45,0,0,53.018,65,35,52.847
5,0,0,0,0,1,0,0,9,261,25,0,22,1,3,6,0,0,0,0,0,0,0,0,0,4,3,1,4,4,0,0,207.448,60,45,131.756,22,24,22,22,10,86.051,40,60,76.035
5,0,0,0,0,1,0,0,9,262,26,1,27,0,3,1,2,0,9,9,9,0,0,0,9,4,4,0,4,4,0,0,826.992,60,30,171.171,15,70,15,0,0,29.625,40,60,33.015
5,0,0,0,0,1,0,0,9,263,27,0,21,1,5,3,4,5,0,0,0,5,5,5,2,2,2,0,2,2,0,0,757.608,60,45,244.746,8,18,38,24,12,119.812,60,40,60.172
5,0,0,0,0,1,0,0,9,264,28,1,26,1,3,4,5,4,4,4,4,5,5,1,10,4,4,3,4,4,0,1,771.9,60,38,108.635,10,35,35,10,10,66.894,40,60,22.564
5,0,0,0,0,1,0,0,9,265,29,1,25,1,4,6,8,0,0,0,0,0,0,0,0,0,0,0,0,1,0,0,353.717,60,15,63.849,20,20,20,20,20,15.75,60,40,22.969
5,0,0,0,0,1,0,0,9,266,30,1,19,2,4,3,6,2,2,2,2,2,2,2,2,0,1,0,0,1,0,0,553.712,60,49,408.11,5,10,42,38,5,77.796,60,40,38.39
5,0,0,0,0,1,0,0,9,267,31,0,28,2,5,7,2,5,5,5,5,4,4,4,4,1,1,0,1,1,0,0,451.794,60,35,74.733,15,25,25,25,10,59.096,60,40,17.657
5,0,0,0,0,1,0,0,9,268,32,1,21,1,3,6,8,2,4,4,4,5,5,5,7,7,8,0,8,8,0,0,419.53,60,30,128.987,20,20,20,20,20,17.562,31,69,20.875
6,0,0,0,0,0,1,0,10,269,1,1,23,1,5,4,2,0,0,0,0,0,0,0,0,2,2,0,2,0,0,1,244.248,60,32,67.332,5,20,65,10,0,58.91,70,30,21.126
6,0,0,0,0,0,1,0,10,270,2,0,25,3,5,4,1,0,0,0,0,0,0,0,0,0,2,0,0,1,0,0,316.805,60,30,29.565,5,5,30,30,30,101.039,50,50,27.518
6,0,0,0,0,0,1,0,10,271,3,1,26,1,5,4,5,0,0,0,0,0,0,0,0,2,2,0,2,1,0,0,530.297,60,27,351.224,10,25,35,25,5,128.347,53,47,77.245
6,0,0,0,0,0,1,0,10,272,4,0,23,1,5,4,2,0,0,0,0,0,0,0,0,0,0,0,0,0,0,0,156.003,60,35,77.017,20,20,20,20,20,31.961,58,42,88.192
6,0,0,0,0,0,1,0,10,273,5,0,26,2,3,5,9,0,0,0,0,0,0,0,0,0,0,0,1,0,0,0,1006.138,60,12,216.808,20,20,20,20,20,119.404,80,20,111.029
6,0,0,0,0,0,1,0,10,274,6,0,29,1,5,10,0,0,0,0,0,0,0,0,0,2,1,1,0,1,0,0,288.265,60,11,317.628,60,10,10,10,10,30.581,50,50,34.035
6,0,0,0,0,0,1,0,10,275,7,0,21,2,3,3,3,0,0,0,0,0,0,0,0,0,0,0,0,0,0,0,379.8,60,44,257.476,0,10,37,33,20,182.079,30,70,55.271
6,0,0,0,0,0,1,0,10,276,8,1,31,1,3,4,3,2,0,0,0,0,0,0,0,9,9,9,9,9,0,0,1117.804,60,35,147.605,5,10,20,30,35,460.973,30,70,61.49
6,0,0,0,0,0,1,0,10,277,9,0,23,1,5,3,4,0,0,0,0,0,0,0,0,2,2,2,2,2,0,0,251.086,60,35,106.988,20,20,20,20,20,63.877,58,42,112.098
6,0,0,0,0,0,1,0,10,278,10,0,23,0,2,3,1,0,0,0,0,0,0,0,0,0,0,0,0,0,0,1,158.246,60,41,148.323,0,5,35,45,15,99.268,37,63,95.955
6,0,0,0,0,0,1,0,10,279,11,1,21,2,5,7,2,0,0,0,0,0,0,0,0,0,0,0,0,0,0,0,442.8,60,24,50.145,5,20,60,10,5,67.943,60,40,84.803
6,0,0,0,0,0,1,0,10,280,12,1,20,2,5,3,1,0,0,1,0,0,0,0,0,0,0,0,0,0,0,0,464.657,60,37,312.157,20,20,20,20,20,66.288,40,60,37.129
6,0,0,0,0,0,1,0,10,281,13,0,22,1,3,7,2,0,0,0,0,0,0,0,0,0,2,0,6,5,0,0,391.276,60,36,108.391,0,0,25,50,25,88.482,30,70,69.995
6,0,0,0,0,0,1,0,10,282,14,1,19,1,5,7,5,0,0,0,0,0,0,0,0,0,0,0,0,0,0,0,1079.538,60,27,321.723,10,30,35,15,10,109.726,55,45,78.426
6,0,0,0,0,0,1,0,10,283,15,0,23,2,5,5,1,0,0,0,0,0,0,0,0,1,1,0,1,1,0,0,885.303,60,40,153.267,20,20,20,20,20,43.891,40,60,47.657
6,0,0,0,0,0,1,0,10,284,16,0,20,2,0,4,3,0,0,0,0,0,0,0,0,0,0,0,0,0,0,0,231.788,60,35,128.591,15,23,24,23,15,91.993,40,60,170.205
6,0,0,0,0,0,1,0,10,285,17,1,19,2,5,4,3,0,1,1,1,0,0,0,2,0,0,0,0,0,0,0,319.661,60,35,296.143,15,20,25,25,15,150.776,40,60,130.868
6,0,0,0,0,0,1,0,10,286,18,1,23,2,5,3,1,0,0,0,0,0,0,0,0,8,6,2,4,2,1,0,930.159,60,30,234.357,5,10,50,30,5,53.491,40,60,87.167
6,0,0,0,0,0,1,0,10,287,19,1,21,1,5,4,7,0,0,0,0,0,0,0,0,3,2,0,0,0,0,1,188.256,60,21,837.336,10,35,40,10,5,71.447,60,40,90.433
6,0,0,0,0,0,1,0,10,288,20,1,23,1,3,7,1,0,0,0,0,0,0,0,0,0,0,0,0,0,0,0,612.451,60,30,257.783,20,20,20,20,20,75.432,50,50,24.05
6,0,0,0,0,0,1,0,10,289,21,1,24,1,5,5,8,0,0,0,1,0,0,0,1,4,9,3,0,3,0,0,373.076,60,30,110.456,15,15,20,25,25,96.844,60,40,33.443
6,0,0,0,0,0,1,0,10,290,22,1,23,1,2,9,0,5,6,6,6,6,6,6,6,0,0,0,0,0,0,0,255.222,60,1,136.745,30,40,30,0,0,86.397,40,60,39.238
6,0,0,0,0,0,1,0,10,291,23,0,22,2,4,7,2,0,0,0,0,0,0,0,0,0,0,0,0,0,0,0,453.587,60,20,136.831,15,20,35,20,10,88.908,60,40,44.814
6,0,0,0,0,0,1,0,10,292,24,0,30,1,3,4,1,0,0,0,0,0,0,0,0,0,0,0,1,0,0,0,361.845,60,30,555.987,30,30,10,15,15,64.349,35,65,83.195
6,0,0,0,0,0,1,0,10,293,25,1,25,0,3,6,2,0,3,3,3,0,1,1,3,12,9,3,8,1,0,0,871.504,60,30,150.454,8,32,48,10,2,117.654,50,50,74.571
6,0,0,0,0,0,1,0,10,294,26,1,20,1,5,3,3,0,0,0,0,0,0,0,0,0,0,0,0,0,0,0,346.652,60,31,39.953,10,30,30,20,10,163.623,45,55,95.53
6,0,0,0,0,0,1,0,10,295,27,0,24,0,5,4,2,0,0,0,0,0,0,0,0,1,1,0,1,11,0,0,689.792,60,30,223.545,20,20,20,20,20,52.187,50,50,45.015
6,0,0,0,0,0,1,0,10,296,28,1,27,1,2,2,2,1,0,0,0,1,1,1,0,0,0,0,0,3,0,0,358.987,60,30,24.161,20,20,20,20,20,23.067,50,50,8.517
6,0,0,0,0,0,1,0,10,297,29,0,26,1,5,6,5,0,1,1,1,0,0,0,1,1,1,0,1,0,0,2,808.917,60,30,493.056,20,20,20,20,20,75.175,50,50,49.175
6,0,0,0,0,0,1,0,11,298,1,0,30,1,3,6,7,0,0,0,0,0,0,0,0,0,0,0,0,0,0,0,345.626,60,37,210.089,0,10,20,50,20,65.098,60,40,40.987
6,0,0,0,0,0,1,0,11,299,2,1,23,4,4,7,3,0,0,0,0,0,0,0,0,0,0,0,0,0,0,0,262.927,60,30,83.771,20,20,20,20,20,15.423,50,50,33.376
6,0,0,0,0,0,1,0,11,300,3,0,22,0,0,5,0,0,0,0,0,0,0,0,0,0,0,0,0,0,0,0,106.929,60,30,249.554,20,20,20,20,20,44.049,50,50,75.051
6,0,0,0,0,0,1,0,11,301,4,1,24,1,4,6,2,0,0,0,0,0,0,0,0,1,1,0,1,1,0,0,399.756,60,31,148.903,0,0,20,40,40,57.941,49,51,31.814
6,0,0,0,0,0,1,0,11,302,5,0,28,1,5,4,1,0,0,0,0,0,0,0,0,0,0,0,0,0,0,0,223.988,60,30,280.578,20,20,20,20,20,129.43,50,50,79.801
6,0,0,0,0,0,1,0,11,303,6,1,25,1,4,1,7,0,0,0,0,0,0,0,0,0,0,0,0,1,0,0,201.248,60,37,105.157,20,20,25,20,15,44.096,58,42,38.564
6,0,0,0,0,0,1,0,11,304,7,1,27,0,3,5,2,0,0,0,0,0,0,0,0,2,2,2,1,2,0,0,195.217,60,31,87.084,5,40,40,10,5,75.722,40,60,17.751
6,0,0,0,0,0,1,0,11,305,8,1,26,1,5,5,6,0,0,0,0,0,0,0,5,1,1,1,1,1,0,0,339.512,60,21,49.104,20,20,20,20,20,14,50,50,23.907
6,0,0,0,0,0,1,0,11,306,9,0,25,2,1,5,3,0,0,0,0,0,0,0,0,1,1,1,1,1,0,0,203.756,60,25,120.238,0,40,40,20,0,99.153,65,35,110.537
6,0,0,0,0,0,1,0,11,307,10,1,25,1,3,4,7,0,0,0,0,0,0,0,0,0,0,0,0,0,0,0,221.459,60,40,393.399,10,25,30,25,10,52.27,30,70,59.161
6,0,0,0,0,0,1,0,11,308,11,0,24,1,5,5,1,0,0,0,0,0,0,0,0,1,1,1,1,1,0,0,193.161,60,30,287.663,0,20,60,20,0,82.676,50,50,128.132
6,0,0,0,0,0,1,0,11,309,12,1,22,1,0,3,2,0,0,0,0,0,0,0,0,0,0,0,0,0,0,0,228.456,60,36,531.544,10,40,40,10,0,80.817,30,70,38.549
6,0,0,0,0,0,1,0,11,310,13,0,19,2,0,4,0,0,0,0,0,0,0,0,0,0,0,0,0,0,0,0,175.52,60,28,288.111,0,3,27,36,34,109.257,54,46,75.804
6,0,0,0,0,0,1,0,11,311,14,1,22,2,3,7,5,0,2,1,1,0,0,0,1,1,2,0,7,3,0,0,666.001,60,48,57.046,0,10,10,60,20,55.204,20,80,40.423
6,0,0,0,0,0,1,0,11,312,15,1,23,0,5,4,3,0,0,0,0,0,0,0,0,0,0,0,0,0,0,0,284.302,60,20,130.735,10,25,40,20,5,61.863,75,25,71.738
6,0,0,0,0,0,1,0,11,313,16,0,23,1,0,6,1,0,0,0,0,0,0,0,0,0,0,0,0,0,0,0,256.715,60,30,365.043,10,30,20,30,10,77.911,48.4,51.6,212.296
6,0,0,0,0,0,1,0,11,314,17,0,23,4,2,9,5,0,0,0,0,0,0,0,0,14,7,1,10,5,0,0,350.566,60,41,60.853,0,10,30,30,30,43.386,50,50,43.9
6,0,0,0,0,0,1,0,11,315,18,1,23,0,3,4,6,0,1,0,0,0,0,0,0,0,0,0,0,0,0,0,560.632,60,46,207.574,5,10,70,10,5,236.127,40,60,109.024
6,0,0,0,0,0,1,0,11,316,19,1,25,0,1,6,7,0,0,0,0,2,2,2,4,0,0,0,0,0,1,1,331.991,60,28,60.914,15,30,45,10,0,49.422,55,45,18.172
6,0,0,0,0,0,1,0,11,317,20,1,25,1,3,4,7,0,0,0,0,0,0,0,0,0,0,0,0,0,1,0,273.354,60,26,83.175,20,20,20,20,20,139.945,42,58,236.033
6,0,0,0,0,0,1,0,11,318,22,0,22,1,5,8,1,0,0,0,0,0,0,0,0,1,1,1,1,0,0,0,213.014,60,31,82.568,20,20,20,20,20,27.314,49,51,30.502
6,0,0,0,0,0,1,0,11,319,23,1,21,2,5,5,8,0,0,0,0,0,0,0,0,0,0,0,0,0,0,0,227.052,60,35,39.813,5,15,30,30,20,73.989,30,70,141.099
6,0,0,0,0,0,1,0,11,320,24,1,21,1,4,5,6,0,0,0,0,0,0,0,0,0,0,0,0,0,0,0,411.173,60,20,217.672,5,10,45,25,15,143.304,40,60,36.596
6,0,0,0,0,0,1,0,11,321,25,1,20,0,5,6,1,0,0,0,0,0,0,0,0,0,0,0,0,0,0,0,682.212,60,35,41.112,10,20,40,20,10,59.16,40,60,27.424
6,0,0,0,0,0,1,0,11,322,26,0,21,0,2,5,7,0,2,2,2,0,0,0,2,0,0,0,0,0,2,0,290.887,60,39,77.997,0,5,15,40,40,164.73,30,70,47.221
6,0,0,0,0,0,1,0,11,323,27,0,22,2,3,7,6,0,0,0,0,0,0,0,0,1,1,0,1,1,0,0,303.132,60,45,138.573,0,0,50,50,0,32.393,75,25,31.533
6,0,0,0,0,0,1,0,11,324,28,0,24,1,5,7,0,0,0,0,0,0,0,0,0,0,0,0,0,0,0,1,174.03,60,30,65.566,20,20,20,20,20,10.189,50,50,24.439
6,0,0,0,0,0,1,0,11,325,29,1,23,0,5,4,3,0,0,0,0,0,0,0,0,0,0,0,0,0,0,0,194.86,60,40,91.758,5,10,30,40,15,49.144,40,60,53.957
6,0,0,0,0,0,1,0,11,326,31,0,22,1,3,7,8,0,0,0,0,0,0,0,0,0,0,0,0,0,0,0,469.566,60,20,78.036,20,20,20,20,20,54.832,50,50,48.003
6,0,0,0,0,0,1,0,11,327,32,1,21,2,3,6,4,0,0,0,0,0,0,0,0,0,0,0,0,0,0,1,257.879,60,30,59.884,20,20,20,20,20,33.033,50,50,34.721
7,0,0,0,0,0,0,1,1009,328,1,0,19,1,2,5,1,0,0,0,0,0,0,0,0,0,2,2,4,0,0,0,262.8637,60,45,74.85911,20,20,20,20,20,31.30839,25,75,19.57049
7,0,0,0,0,0,0,1,1009,329,2,1,21,0,2,6,3,0,0,0,0,0,0,0,0,0,2,2,6,3,0,0,682.8196,60,48,148.7415,0,15,25,45,15,74.28406,25,75,50.5702
7,0,0,0,0,0,0,1,1009,330,3,1,23,1,5,2,3,0,33,34,31,0,41,35,38,0,15,8,29,14,0,0,773.8271,60,40,135.3143,0,5,25,35,35,64.74816,0,100,14.90137
7,0,0,0,0,0,0,1,1009,331,5,1,20,0,3,4,8,0,1,1,1,0,0,1,1,1,2,2,2,2,0,0,1016.419,60,47,185.1791,10,15,30,30,15,63.227290000000004,50,50,30.39529
7,0,0,0,0,0,0,1,1009,332,6,1,21,2,3,3,9,0,0,0,0,0,0,0,0,0,0,0,0,0,0,1,1169.523,60,59,163.5919,0,0,0,10,90,69.04779,50,50,49.71424
7,0,0,0,0,0,0,1,1009,333,7,1,23,1,5,8,9,0,3,2,2,0,0,4,2,0,0,0,0,1,0,0,729.226,60,40,237.3416,10,20,20,30,20,50.52002,50,50,102.3224
7,0,0,0,0,0,0,1,1009,334,9,1,24,2,2,5,10,0,2,1,1,0,0,1,1,1,0,1,5,1,0,2,866.8951,60,13,87.25861,20,20,20,20,20,43.39888,20,80,47.46947
7,0,0,0,0,0,0,1,1009,335,10,1,25,1,4,8,2,0,0,0,2,0,0,0,3,4,19,18,20,20,0,1,648.1265,60,30,332.3969,17,22,22,22,17,50.82612,49,51,50.5788
7,0,0,0,0,0,0,1,1009,336,11,0,25,1,2,8,4,0,0,0,1,0,0,0,1,0,8,6,0,1,0,0,587.1833,60,30,323.1106,5,50,25,10,10,68.38742,50,50,35.9982
7,0,0,0,0,0,0,1,1009,337,13,1,23,1,5,2,2,0,2,1,1,0,0,1,1,3,4,4,5,4,0,0,523.1838,60,41,187.4641,20,20,20,20,20,43.98429,34,66,112.269
7,0,0,0,0,0,0,1,1009,338,14,0,20,1,5,4,3,0,0,0,0,0,0,0,0,0,1,0,4,0,0,0,600.2735,60,40,93.2187,10,25,30,25,10,54.51806,33,67,63.0764
7,0,0,0,0,0,0,1,1009,339,16,1,24,1,5,6,2,0,0,0,0,0,0,0,0,0,0,0,0,0,0,0,272.969,60,30,204.8193,0,35,35,15,15,150.9342,50,50,52.48711
7,0,0,0,0,0,0,1,1009,340,17,1,29,0,5,4,7,0,0,0,2,0,0,0,2,0,0,0,1,0,0,0,286.6782,60,34,56.02767,10,26,33,21,10,50.80807,45,55,67.42571
7,0,0,0,0,0,0,1,1009,341,18,0,23,1,5,6,3,0,0,0,1,0,0,0,1,1,2,3,3,1,0,0,222.2162,60,29,151.0482,22,38,17,18,5,145.6497,65,35,101.0402
7,0,0,0,0,0,0,1,1010,342,1,1,24,1,3,2,0,0,0,0,0,0,0,0,0,0,0,2,0,2,0,0,219.0786,60,30,149.8705,20,20,20,20,20,104.2132,50,50,68.14823
7,0,0,0,0,0,0,1,1010,343,2,0,23,2,1,8,5,0,0,0,0,0,0,0,0,1,3,3,3,3,0,1,426.943,60,40,232.9417,20,20,20,20,20,138.272,33,67,24.7498
7,0,0,0,0,0,0,1,1010,344,3,0,25,1,5,6,1,2,2,2,2,2,2,3,2,0,0,4,8,2,0,2,737.8953,60,40,83.42737,15,22.5,25,22.5,15,188.7264,33.3333,66.6667,93.09515
7,0,0,0,0,0,0,1,1010,345,5,1,20,2,5,2,3,0,0,0,1,0,0,0,1,1,11,11,12,11,0,0,659.7783,60,43,59.88373,21,19,20,20,20,75.60309,28,72,74.65969
7,0,0,0,0,0,0,1,1010,346,6,1,24,0,4,6,10,0,10,12,18,0,0,19,20,0,0,0,0,21,0,0,524.5482,60,43,35.72984,10,20,20,30,20,54.70269,40,60,27.70625
7,0,0,0,0,0,0,1,1010,347,7,1,25,0,2,3,7,1,1,1,5,0,0,2,5,1,1,1,1,2,0,0,632.5373,60,40,215.6616,10,10,50,20,10,51.50205,45,55,98.46542
7,0,0,0,0,0,0,1,1010,348,8,1,20,0,5,3,1,0,0,0,1,0,0,0,1,0,0,0,0,0,0,0,395.2846,60,40,160.2088,9,26,27,28,10,139.5681,34,66,72.33917
7,0,0,0,0,0,0,1,1010,349,11,1,26,2,5,5,7,0,0,0,0,1,1,0,1,0,11,11,11,0,0,0,740.4059,60,29,92.01845,10,35,35,15,5,68.12444,55,45,61.7707
7,0,0,0,0,0,0,1,1010,350,12,1,21,2,5,8,0,0,0,0,0,0,0,0,0,0,0,0,0,0,0,0,143.2046,60,31,86.680179999999993,0,10,50,30,10,47.10482,49,51,32.64447
7,0,0,0,0,0,0,1,1010,351,14,0,31,2,0,7,2,0,0,0,1,0,0,0,1,0,4,5,4,0,0,0,657.7798,60,30,94.3177,20,20,20,20,20,28.87276,50,50,25.67754
7,0,0,0,0,0,0,1,1010,352,15,1,37,0,5,4,9,0,0,0,0,0,0,0,0,0,0,0,0,0,1,1,556.4,60,30,141.3639,20,20,20,20,20,77.65728,30,70,43.9945
7,0,0,0,0,0,0,1,1010,353,18,1,23,1,5,4,7,0,0,0,0,0,0,0,0,0,0,0,0,3,0,0,571.2364,60,38,213.9899,10,30,40,10,10,69.09969,40,60,39.50184
7,0,0,0,0,0,0,1,1011,354,1,0,23,3,5,6,7,1,2,2,7,2,2,2,7,2,11,11,11,11,0,0,636.1376,60,37,80.97421,15,30,25,15,15,67.0117,40,60,52.76283
7,0,0,0,0,0,0,1,1011,355,2,0,29,1,5,3,6,0,0,0,0,0,0,0,0,0,0,0,0,0,0,0,647.5447,60,30,95.73356,20,20,20,20,20,98.84068,50,50,38.93736
7,0,0,0,0,0,0,1,1011,356,3,0,21,1,0,6,1,0,0,0,1,0,0,0,1,0,0,1,0,0,0,0,142.3184,60,35,53.80683,16,17,17,25,25,68.62806,39.5,60.5,65.09779
7,0,0,0,0,0,0,1,1011,357,4,0,21,1,5,8,6,0,0,0,3,0,0,0,3,0,1,4,6,0,0,0,438.3486,60,35,107.473,10,30,30,20,10,55.37074,30,70,42.03404
7,0,0,0,0,0,0,1,1011,358,5,1,23,3,5,5,2,0,0,0,1,0,0,0,1,0,4,4,4,0,0,0,418.3297,60,30,229.3525,20,20,20,20,20,92.3897,50,50,30.21026
7,0,0,0,0,0,0,1,1011,359,8,1,24,1,2,9,1,0,0,2,0,0,0,0,0,4,4,4,4,4,0,0,504.9731,60,23,78.70043,5,75,20,0,0,67.80817,35,65,55.18678
7,0,0,0,0,0,0,1,1011,360,9,0,33,1,3,7,1,0,2,2,7,0,3,3,8,0,0,0,0,0,0,0,329.4292,60,47,56.47064,15,25,20,25,15,31.37508,30,70,41.98197
7,0,0,0,0,0,0,1,1011,361,11,1,25,2,2,2,9,3,5,6,13,7,9,8,15,0,25,26,27,1,0,17,803.7737,60,50,90.07059,20,20,20,20,20,52.20634,20,80,81.60303
7,0,0,0,0,0,0,1,1011,362,12,1,22,2,1,7,3,0,5,5,5,0,0,5,5,0,2,2,2,0,0,0,433.3596,60,51,77.50005,10,20,30,30,10,74.59008,20,80,54.00336
7,0,0,0,0,0,0,1,1011,363,14,0,26,3,2,2,0,0,0,0,2,0,0,0,2,0,0,0,0,0,0,0,186.8026,60,43,21.32934,20,20,20,20,20,18.11399,40,60,39.95533
7,0,0,0,0,0,0,1,1011,364,15,0,25,0,0,3,2,0,0,0,0,0,0,0,0,0,0,0,1,0,0,0,298.7426,60,31,102.1689,20,20,20,20,20,40.40428,48,52,252.7738
7,0,0,0,0,0,0,1,1011,365,16,0,21,0,0,4,6,0,0,0,0,0,0,0,0,0,0,0,0,0,0,0,43.18328,60,35,99.66269,10,10,20,40,20,45.56251,60,40,62.76999
7,0,0,0,0,0,0,1,1011,366,17,1,26,3,3,8,6,0,0,0,5,0,0,0,5,0,6,8,8,8,0,0,979.6782,60,36,63.42604,20,25,25,15,15,52.18372,30,70,24.51569
7,0,0,0,0,0,0,1,1011,367,18,0,25,1,2,8,3,3,0,0,0,3,3,0,0,5,5,5,7,3,0,0,462.7607,60,57,36.12031,0,5,20,45,30,50.10534,0,100,33.19447
7,0,0,0,0,0,0,1,1012,368,1,0,25,1,3,5,0,0,0,0,0,0,0,0,0,0,0,0,0,1,0,0,178.1907,60,20,183.7494,50,50,0,0,0,39.95493,0,100,142.875
7,0,0,0,0,0,0,1,1012,369,2,0,24,1,5,4,8,0,0,0,0,0,0,0,0,0,3,3,3,3,0,0,825.0886,60,38,271.4195,5,10,25,40,20,143.6295,55,45,53.37214
7,0,0,0,0,0,0,1,1012,370,4,0,20,1,3,5,1,0,1,1,1,0,0,1,1,1,1,1,1,1,0,0,331.9293,60,35,132.0479,10,25,30,25,10,62.63277,38,62,82.92133
7,0,0,0,0,0,0,1,1012,371,5,1,20,2,3,7,6,0,0,0,0,0,0,0,0,2,2,2,2,7,0,0,433.4525,60,30,41.29073,30,30,20,10,10,25.71417,40,60,25.58234
7,0,0,0,0,0,0,1,1012,372,6,0,21,7,5,8,0,0,0,0,0,0,0,0,0,0,0,0,0,0,0,0,345.7275,60,20,145.9572,50,50,0,0,0,26.42492,68,32,65.16017
7,0,0,0,0,0,0,1,1012,373,7,1,23,0,2,7,5,0,0,0,2,0,0,0,1,0,5,6,7,3,0,0,710.1614,60,28,38.98349,0,10,78,12,0,108.5193,55,45,51.79662
7,0,0,0,0,0,0,1,1012,374,10,1,28,1,3,9,9,10,4,4,10,10,11,6,12,1,2,2,2,2,0,0,1015.943,60,15,191.8086,50,20,15,10,5,78.59272,50,50,30.56994
7,0,0,0,0,0,0,1,1012,375,11,0,27,1,3,6,4,0,2,0,3,0,0,0,3,0,0,0,0,0,0,0,143.3645,60,40,110.5907,27,27,27,10,9,74.09206,33,67,55.14722
7,0,0,0,0,0,0,1,1012,376,12,1,22,1,3,6,4,0,0,0,0,0,0,0,0,0,2,2,2,2,0,0,540.3604,60,35,103.5265,20,20,20,20,20,61.31134,60,40,65.57337
7,0,0,0,0,0,0,1,1012,377,16,1,21,2,3,6,4,0,0,0,2,0,0,0,2,1,4,4,4,4,0,0,420.341,60,35,182.6825,10,0,20,40,30,97.38401,56,44,45.18899
7,0,0,0,0,0,0,1,1012,378,17,0,27,1,5,3,4,0,0,2,0,0,0,0,0,0,0,3,7,0,0,3,691.1008,60,27,114.7605,10,10,20,30,30,109.471,30,70,29.04258
7,0,0,0,0,0,0,1,1012,379,18,0,24,1,5,2,2,0,0,0,1,0,0,0,1,1,18,6,7,4,0,0,340.935,60,20,27.16825,5,15,25,35,20,34.74578,40,60,16.91492
